Sequencing Study Identifier,GISAID EpiCov,NCBI BioSample,Test date,Sequence date,Zip code,Pango lineage,Pangolin QC,Scorpio lineage,Scorpio Confidence,Nextstrain Clade,Nextstrain QC,Total Missing,AA Substitutions
NC-CORVASEQ-CLT-005920,EPI_ISL_11048807,,03-01-22,11-03-22,28801,BA.1,passed_qc,Omicron (BA.1-like),0.99792143,21K (Omicron),good,136,"E:T9I,M:D3G,M:Q19E,M:A63T,N:P13L,N:R203K,N:G204R,ORF1a:K856R,ORF1a:T1822I,ORF1a:L2084I,ORF1a:A2710T,ORF1a:T3255I,ORF1a:P3395H,ORF1a:I3758V,ORF1b:P314L,ORF1b:I1566V,ORF9b:P10S,S:A67V,S:T95I,S:L212I,S:G339D,S:S371L,S:S373P,S:S375F,S:K417N,S:N440K,S:G446S,S:S477N,S:T478K,S:E484A,S:Q493R,S:G496S,S:Q498R,S:N501Y,S:Y505H,S:T547K,S:D614G,S:H655Y,S:N679K,S:P681H,S:N764K,S:D796Y,S:N856K,S:Q954H,S:N969K,S:L981F"
NC-CORVASEQ-CLT-005921,EPI_ISL_11048808,,03-01-22,11-03-22,28803,BA.1.1,passed_qc,Omicron (BA.1-like),0.99792143,21K (Omicron),good,136,"E:T9I,M:D3G,M:Q19E,M:A63T,N:P13L,N:R203K,N:G204R,ORF1a:K856R,ORF1a:L2084I,ORF1a:A2710T,ORF1a:T3255I,ORF1a:P3395H,ORF1a:I3758V,ORF1b:P314L,ORF1b:R1052K,ORF1b:I1566V,ORF9b:P10S,S:A67V,S:T95I,S:L212I,S:G339D,S:R346K,S:S371L,S:S373P,S:S375F,S:K417N,S:N440K,S:G446S,S:S477N,S:T478K,S:E484A,S:Q493R,S:G496S,S:Q498R,S:N501Y,S:Y505H,S:T547K,S:D614G,S:H655Y,S:N679K,S:P681H,S:N764K,S:D796Y,S:N856K,S:Q954H,S:N969K,S:L981F"
NC-CORVASEQ-CLT-005922,EPI_ISL_11048809,,03-01-22,11-03-22,28714,BA.1,passed_qc,Omicron (BA.1-like),0.99792143,21K (Omicron),good,136,"E:T9I,M:D3G,M:Q19E,M:A63T,N:P13L,N:P80S,N:R203K,N:G204R,ORF1a:K856R,ORF1a:L2084I,ORF1a:A2710T,ORF1a:T3255I,ORF1a:P3395H,ORF1a:I3758V,ORF1b:P314L,ORF1b:I1566V,ORF9b:P10S,S:A67V,S:T95I,S:L212I,S:G339D,S:S371L,S:S373P,S:S375F,S:K417N,S:N440K,S:G446S,S:S477N,S:T478K,S:E484A,S:Q493R,S:G496S,S:Q498R,S:N501Y,S:Y505H,S:T547K,S:D614G,S:H655Y,S:N679K,S:P681H,S:N764K,S:D796Y,S:N856K,S:Q954H,S:N969K,S:L981F"
NC-CORVASEQ-CLT-005923,EPI_ISL_11048810,,03-01-22,11-03-22,28713,AY.25,passed_qc,Delta (B.1.617.2-like),1,21J (Delta),good,126,"M:I82T,N:D63G,N:R203M,N:G215C,N:D377Y,ORF1a:A1306S,ORF1a:P2046L,ORF1a:P2287S,ORF1a:I2307M,ORF1a:V2930L,ORF1a:T3255I,ORF1a:I3619V,ORF1a:T3646A,ORF1b:P314L,ORF1b:G662S,ORF1b:P1000L,ORF1b:P1851S,ORF1b:A1918V,ORF1b:G2180V,ORF3a:S26L,ORF3a:E239Q,ORF7a:V82A,ORF7a:T120I,ORF7b:T40I,ORF9b:T60A,S:T19R,S:S112L,S:G142D,S:R158G,S:L452R,S:T478K,S:D614G,S:P681R,S:D950N"
NC-CORVASEQ-CLT-005924,EPI_ISL_11048811,,03-01-22,11-03-22,28803,BA.1,passed_qc,Omicron (BA.1-like),0.99792143,21K (Omicron),good,136,"E:T9I,M:D3G,M:Q19E,M:A63T,N:P13L,N:R203K,N:G204R,N:D343G,ORF1a:K856R,ORF1a:L2084I,ORF1a:A2710T,ORF1a:T3255I,ORF1a:P3395H,ORF1a:I3758V,ORF1b:P314L,ORF1b:I1566V,ORF3a:L106F,ORF9b:P10S,S:A67V,S:T95I,S:L212I,S:G339D,S:S371L,S:S373P,S:S375F,S:K417N,S:N440K,S:G446S,S:S477N,S:T478K,S:E484A,S:Q493R,S:G496S,S:Q498R,S:N501Y,S:Y505H,S:T547K,S:D614G,S:H655Y,S:N679K,S:P681H,S:N764K,S:D796Y,S:N856K,S:Q954H,S:N969K,S:L981F"
NC-CORVASEQ-CLT-005925,EPI_ISL_11048812,,03-01-22,11-03-22,28801,BA.1.1,passed_qc,Omicron (BA.1-like),0.997087581,21K (Omicron),good,140,"E:T9I,M:D3G,M:Q19E,M:A63T,N:P13L,N:R203K,N:G204R,ORF1a:K856R,ORF1a:A2710T,ORF1a:T3255I,ORF1a:P3395H,ORF1a:I3758V,ORF1b:P314L,ORF1b:I1566V,ORF9b:P10S,S:A67V,S:T95I,S:L212I,S:G339D,S:R346K,S:S371L,S:S373P,S:S375F,S:K417N,S:N440K,S:G446S,S:S477N,S:T478K,S:E484A,S:Q493R,S:G496S,S:Q498R,S:N501Y,S:Y505H,S:T547K,S:D614G,S:H655Y,S:N679K,S:P681H,S:N764K,S:D796Y,S:N856K,S:Q954H,S:N969K,S:L981F"
NC-CORVASEQ-CLT-005926,EPI_ISL_11048813,,03-01-22,11-03-22,28751,BA.1.1,passed_qc,Omicron (BA.1-like),0.99792143,21K (Omicron),good,136,"E:T9I,M:D3G,M:Q19E,M:A63T,N:P13L,N:R203K,N:G204R,N:A252G,ORF1a:E726K,ORF1a:K856R,ORF1a:L2084I,ORF1a:A2710T,ORF1a:T3255I,ORF1a:P3395H,ORF1a:I3758V,ORF1b:P314L,ORF1b:I1566V,ORF9b:P10S,S:A67V,S:T95I,S:L212I,S:G339D,S:R346K,S:S371L,S:S373P,S:S375F,S:K417N,S:N440K,S:G446S,S:S477N,S:T478K,S:E484A,S:Q493R,S:G496S,S:Q498R,S:N501Y,S:Y505H,S:T547K,S:D614G,S:H655Y,S:N679K,S:P681H,S:N764K,S:D796Y,S:N856K,S:Q954H,S:N969K,S:L981F"
NC-CORVASEQ-CLT-005927,EPI_ISL_11048814,,03-01-22,11-03-22,28729,AY.25,passed_qc,Delta (B.1.617.2-like),1,21J (Delta),good,126,"M:I82T,N:D63G,N:R203M,N:G215C,N:D377Y,ORF1a:A1306S,ORF1a:P2046L,ORF1a:P2287S,ORF1a:I2307M,ORF1a:V2930L,ORF1a:T3255I,ORF1a:I3619V,ORF1a:T3646A,ORF1b:P314L,ORF1b:G662S,ORF1b:P1000L,ORF1b:P1851S,ORF1b:A1918V,ORF1b:G2180V,ORF3a:S26L,ORF3a:E239Q,ORF7a:V82A,ORF7a:T120I,ORF7b:T40I,ORF9b:T60A,S:T19R,S:S112L,S:G142D,S:R158G,S:L452R,S:T478K,S:D614G,S:P681R,S:D950N"
NC-CORVASEQ-CLT-005928,EPI_ISL_11048815,,03-01-22,11-03-22,28732,BA.1,passed_qc,Omicron (BA.1-like),0.99792143,21K (Omicron),good,136,"E:T9I,M:D3G,M:Q19E,M:A63T,N:P13L,N:R203K,N:G204R,N:D343G,ORF1a:K856R,ORF1a:L2084I,ORF1a:A2710T,ORF1a:T3255I,ORF1a:P3395H,ORF1a:I3758V,ORF1b:P314L,ORF1b:I1566V,ORF3a:L106F,ORF9b:P10S,S:A67V,S:T95I,S:L212I,S:G339D,S:S371L,S:S373P,S:S375F,S:K417N,S:N440K,S:G446N,S:S477N,S:T478K,S:E484A,S:Q493R,S:G496S,S:Q498R,S:N501Y,S:Y505H,S:T547K,S:D614G,S:H655Y,S:N679K,S:P681H,S:N764K,S:D796Y,S:N856K,S:Q954H,S:N969K,S:L981F"
NC-CORVASEQ-CLT-005929,EPI_ISL_11048816,,03-01-22,11-03-22,28806,BA.1,passed_qc,Omicron (BA.1-like),0.99792143,21K (Omicron),good,136,"E:T9I,M:D3G,M:Q19E,M:A63T,N:P13L,N:R203K,N:G204R,N:D343G,ORF1a:K856R,ORF1a:L2084I,ORF1a:A2710T,ORF1a:T3255I,ORF1a:P3395H,ORF1a:I3758V,ORF1b:P314L,ORF1b:I1566V,ORF3a:L106F,ORF9b:P10S,S:A67V,S:T95I,S:L212I,S:G339D,S:S371L,S:S373P,S:S375F,S:K417N,S:N440K,S:G446S,S:S477N,S:T478K,S:E484A,S:Q493R,S:G496S,S:Q498R,S:N501Y,S:Y505H,S:T547K,S:D614G,S:H655Y,S:N679K,S:P681H,S:N764K,S:D796Y,S:N856K,S:Q954H,S:N969K,S:L981F"
NC-CORVASEQ-CLT-005930,EPI_ISL_11048817,,03-01-22,11-03-22,28715,B.1.617.2,passed_qc,Delta (B.1.617.2-like),1,21J (Delta),good,126,"M:I82T,N:D63G,N:R203M,N:G215C,N:D377Y,N:A414S,ORF1a:M789I,ORF1a:A1306S,ORF1a:P2046L,ORF1a:P2287S,ORF1a:V2930L,ORF1a:T3255I,ORF1a:T3646A,ORF1b:K94R,ORF1b:P314L,ORF1b:G662S,ORF1b:P1000L,ORF1b:H1087Y,ORF1b:A1918V,ORF3a:S26L,ORF7a:V82A,ORF7a:T120I,ORF7b:T40I,ORF9b:T60A,S:T19R,S:T95I,S:G142D,S:R158G,S:L452R,S:T478K,S:D614G,S:P681R,S:D950N"
NC-CORVASEQ-CLT-005931,EPI_ISL_11048818,,03-01-22,11-03-22,28715,BA.1,passed_qc,Omicron (BA.1-like),0.99792143,21K (Omicron),good,136,"E:T9I,M:D3G,M:Q19E,M:A63T,N:P13L,N:R203K,N:G204R,N:D343G,ORF1a:K856R,ORF1a:S1587L,ORF1a:L2084I,ORF1a:A2710T,ORF1a:T3255I,ORF1a:P3395H,ORF1a:I3758V,ORF1b:P314L,ORF1b:I1566V,ORF3a:L106F,ORF9b:P10S,S:A67V,S:T95I,S:L212I,S:G339D,S:S371L,S:S373P,S:S375F,S:K417N,S:N440K,S:G446S,S:S477N,S:T478K,S:E484A,S:Q493R,S:G496S,S:Q498R,S:N501Y,S:Y505H,S:T547K,S:D614G,S:H655Y,S:N679K,S:P681H,S:N764K,S:D796Y,S:N856K,S:Q954H,S:N969K,S:L981F"
NC-CORVASEQ-CLT-005932,EPI_ISL_11048819,,03-01-22,11-03-22,28803,BA.1.1,passed_qc,Omicron (BA.1-like),0.99792143,21K (Omicron),good,136,"E:T9I,M:D3G,M:Q19E,M:A63T,N:P13L,N:R203K,N:G204R,ORF1a:K856R,ORF1a:L2084I,ORF1a:A2710T,ORF1a:T3255I,ORF1a:P3395H,ORF1a:I3758V,ORF1b:I235M,ORF1b:P314L,ORF1b:I1566V,ORF9b:P10S,S:A67V,S:T95I,S:L212I,S:G339D,S:R346K,S:S371L,S:S373P,S:S375F,S:K417N,S:N440K,S:G446S,S:S477N,S:T478K,S:E484A,S:Q493R,S:G496S,S:Q498R,S:N501Y,S:Y505H,S:T547K,S:D614G,S:H655Y,S:N679K,S:P681H,S:N764K,S:D796Y,S:N856K,S:Q954H,S:N969K,S:L981F"
NC-CORVASEQ-CLT-005933,EPI_ISL_11048820,,03-01-22,11-03-22,28778,AY.43,passed_qc,Delta (B.1.617.2-like),1,21J (Delta),good,126,"M:I82T,N:Q9L,N:D63G,N:R203M,N:G215C,N:D377Y,ORF1a:Q1021H,ORF1a:A1306S,ORF1a:P2046L,ORF1a:P2287S,ORF1a:V2930L,ORF1a:T3255I,ORF1a:T3646A,ORF1b:V165I,ORF1b:P314L,ORF1b:G662S,ORF1b:L829I,ORF1b:P1000L,ORF1b:Q1546H,ORF1b:A1918V,ORF3a:S26L,ORF7a:T28I,ORF7a:V82A,ORF7a:E91D,ORF7a:T120I,ORF7b:T40I,ORF9b:S6C,ORF9b:T60A,S:T19R,S:G142D,S:R158G,S:L452R,S:T478K,S:D614G,S:P681R,S:D950N"
NC-CORVASEQ-CLT-005934,EPI_ISL_11048821,,03-01-22,11-03-22,28747,BA.1.1,passed_qc,Omicron (BA.1-like),0.997087581,21K (Omicron),good,140,"E:T9I,M:D3G,M:Q19E,M:A63T,M:R158H,N:P13L,N:R203K,N:G204R,ORF1a:K856R,ORF1a:A2710T,ORF1a:T3255I,ORF1a:P3395H,ORF1a:I3758V,ORF1b:P314L,ORF1b:I1566V,ORF9b:P10S,S:A67V,S:T95I,S:L212I,S:G339D,S:R346K,S:S371L,S:S373P,S:S375F,S:K417N,S:N440K,S:G446S,S:S477N,S:T478K,S:E484A,S:Q493R,S:G496S,S:Q498R,S:N501Y,S:Y505H,S:T547K,S:D614G,S:H655Y,S:N679K,S:P681H,S:N764K,S:D796Y,S:N856K,S:Q954H,S:N969K,S:L981F"
NC-CORVASEQ-CLT-005935,EPI_ISL_11048822,,03-01-22,11-03-22,28806,AY.103,passed_qc,Delta (B.1.617.2-like),1,21J (Delta),good,126,"M:I82T,N:D63G,N:R203M,N:A208S,N:G215C,N:D377Y,ORF1a:A535S,ORF1a:V1143F,ORF1a:A1306S,ORF1a:P2046L,ORF1a:P2287S,ORF1a:V2930L,ORF1a:T3255I,ORF1a:T3646A,ORF1b:P314L,ORF1b:G662S,ORF1b:P1000L,ORF1b:I1257V,ORF1b:A1918V,ORF3a:S26L,ORF3a:P104S,ORF6:I33T,ORF7a:V82A,ORF7a:T120I,ORF7b:T40I,ORF9b:T60A,S:T19R,S:T29I,S:G142D,S:R158G,S:L452R,S:T478K,S:D614G,S:P681R,S:D950N"
NC-CORVASEQ-CLT-005936,EPI_ISL_11048823,,04-01-22,11-03-22,28721,BA.1.1,passed_qc,Omicron (BA.1-like),0.99792143,21K (Omicron),good,136,"E:T9I,M:D3G,M:Q19E,M:A63T,N:P13L,N:R203K,N:G204R,ORF1a:K856R,ORF1a:L2084I,ORF1a:A2710T,ORF1a:T3255I,ORF1a:P3395H,ORF1a:I3758V,ORF1b:P314L,ORF1b:I1566V,ORF1b:L2424I,ORF9b:P10S,S:A67V,S:T95I,S:L212I,S:G339D,S:R346K,S:S371L,S:S373P,S:S375F,S:K417N,S:N440K,S:G446S,S:S477N,S:T478K,S:E484A,S:Q493R,S:G496S,S:Q498R,S:N501Y,S:Y505H,S:T547K,S:D614G,S:H655Y,S:N679K,S:P681H,S:N764K,S:D796Y,S:A845V,S:N856K,S:Q954H,S:N969K,S:L981F"
NC-CORVASEQ-CLT-005937,EPI_ISL_11048824,,04-01-22,11-03-22,28787,BA.1,passed_qc,Omicron (BA.1-like),0.99792143,21K (Omicron),good,136,"E:T9I,M:D3G,M:Q19E,M:A63T,N:P13L,N:R203K,N:G204R,N:D343G,ORF1a:K856R,ORF1a:L2084I,ORF1a:A2710T,ORF1a:T3255I,ORF1a:P3395H,ORF1a:I3758V,ORF1b:P314L,ORF1b:I1566V,ORF3a:L106F,ORF9b:P10S,S:A67V,S:T95I,S:L212I,S:G339D,S:S371L,S:S373P,S:S375F,S:K417N,S:N440K,S:G446S,S:S477N,S:T478K,S:E484A,S:Q493R,S:G496S,S:Q498R,S:N501Y,S:Y505H,S:T547K,S:D614G,S:H655Y,S:N679K,S:P681H,S:N764K,S:D796Y,S:N856K,S:Q954H,S:N969K,S:L981F"
NC-CORVASEQ-CLT-005938,EPI_ISL_11048825,,04-01-22,11-03-22,28715,BA.1,passed_qc,Omicron (BA.1-like),0.99792143,21K (Omicron),good,136,"E:T9I,M:D3G,M:Q19E,M:A63T,N:P13L,N:R203K,N:G204R,ORF1a:K856R,ORF1a:L2084I,ORF1a:A2460V,ORF1a:A2710T,ORF1a:T3255I,ORF1a:P3395H,ORF1a:I3758V,ORF1b:P314L,ORF1b:I1566V,ORF9b:P10S,S:A67V,S:T95I,S:L212I,S:G339D,S:S371L,S:S373P,S:S375F,S:K417N,S:N440K,S:G446S,S:S477N,S:T478K,S:E484A,S:Q493R,S:G496S,S:Q498R,S:N501Y,S:Y505H,S:T547K,S:D614G,S:H655Y,S:N679K,S:P681H,S:N764K,S:D796Y,S:N856K,S:Q954H,S:N969K,S:L981F"
NC-CORVASEQ-CLT-005939,EPI_ISL_11048826,,04-01-22,11-03-22,28803,BA.1.1,passed_qc,Omicron (BA.1-like),0.99792143,21K (Omicron),good,136,"E:T9I,M:D3G,M:Q19E,M:A63T,N:P13L,N:R203K,N:G204R,ORF1a:K856R,ORF1a:L2084I,ORF1a:A2710T,ORF1a:T3255I,ORF1a:P3395H,ORF1a:I3758V,ORF1b:P314L,ORF1b:I1566V,ORF9b:P10S,S:A67V,S:T95I,S:L212I,S:G339D,S:R346K,S:S371L,S:S373P,S:S375F,S:K417N,S:N440K,S:G446S,S:S477N,S:T478K,S:E484A,S:Q493R,S:G496S,S:Q498R,S:N501Y,S:Y505H,S:T547K,S:D614G,S:H655Y,S:N679K,S:P681H,S:N764K,S:D796Y,S:N856K,S:Q954H,S:N969K,S:L981F"
NC-CORVASEQ-CLT-005940,EPI_ISL_11048827,,04-01-22,11-03-22,28806,BA.1.1,passed_qc,Omicron (BA.1-like),0.99792143,21K (Omicron),good,136,"E:T9I,M:D3G,M:Q19E,M:A63T,N:P13L,N:R203K,N:G204R,ORF1a:K856R,ORF1a:L2084I,ORF1a:A2710T,ORF1a:T3255I,ORF1a:P3395H,ORF1a:I3758V,ORF1b:P314L,ORF1b:I1566V,ORF9b:P10S,S:A67V,S:T95I,S:L212I,S:G339D,S:R346K,S:S371L,S:S373P,S:S375F,S:K417N,S:N440K,S:G446S,S:S477N,S:T478K,S:E484A,S:Q493R,S:G496S,S:Q498R,S:N501Y,S:Y505H,S:T547K,S:D614G,S:H655Y,S:N679K,S:P681H,S:N764K,S:D796Y,S:N856K,S:Q954H,S:N969K,S:L981F"
NC-CORVASEQ-CLT-005941,EPI_ISL_11048828,,04-01-22,11-03-22,28713,BA.1,passed_qc,Omicron (BA.1-like),0.99792143,21K (Omicron),good,136,"E:T9I,M:D3G,M:Q19E,M:A63T,N:P13L,N:R203K,N:G204R,ORF1a:K856R,ORF1a:L2084I,ORF1a:A2710T,ORF1a:T3255I,ORF1a:P3395H,ORF1a:I3758V,ORF1b:P314L,ORF1b:I1566V,ORF9b:P10S,S:A67V,S:T95I,S:L212I,S:G339D,S:S371L,S:S373P,S:S375F,S:K417N,S:N440K,S:G446S,S:S477N,S:T478K,S:E484A,S:Q493R,S:G496S,S:Q498R,S:N501Y,S:Y505H,S:T547K,S:D614G,S:H655Y,S:N679K,S:P681H,S:N764K,S:D796Y,S:N856K,S:Q954H,S:N969K,S:L981F"
NC-CORVASEQ-CLT-005942,EPI_ISL_11048829,,05-01-22,11-03-22,28785,AY.103,passed_qc,Delta (B.1.617.2-like),1,21J (Delta),good,126,"M:I82T,N:D63G,N:R203M,N:G215C,N:D377Y,ORF1a:A1306S,ORF1a:P2046L,ORF1a:P2287S,ORF1a:V2930L,ORF1a:T3255I,ORF1a:T3646A,ORF1b:P314L,ORF1b:G662S,ORF1b:P1000L,ORF1b:I1257V,ORF1b:A1918V,ORF3a:S26L,ORF3a:A54V,ORF7a:V82A,ORF7a:T120I,ORF7b:T40I,ORF8:W45C,ORF9b:T60A,S:T19R,S:G142D,S:R158G,S:L452R,S:T478K,S:D614G,S:P681R,S:D950N"
NC-CORVASEQ-CLT-005943,EPI_ISL_11048830,,05-01-22,11-03-22,28778,BA.1,passed_qc,Omicron (BA.1-like),0.99792143,21K (Omicron),good,136,"E:T9I,M:D3G,M:Q19E,M:A63T,N:P13L,N:R203K,N:G204R,ORF1a:K856R,ORF1a:L2084I,ORF1a:A2710T,ORF1a:T3255I,ORF1a:P3395H,ORF1a:I3758V,ORF1b:P314L,ORF1b:I1566V,ORF9b:P10S,S:A67V,S:T95I,S:L212I,S:G339D,S:S371L,S:S373P,S:S375F,S:K417N,S:N440K,S:G446S,S:S477N,S:T478K,S:E484A,S:Q493R,S:G496S,S:Q498R,S:N501Y,S:Y505H,S:T547K,S:D614G,S:H655Y,S:N679K,S:P681H,S:N764K,S:D796Y,S:N856K,S:Q954H,S:N969K,S:L981F"
NC-CORVASEQ-CLT-005944,EPI_ISL_11048831,,05-01-22,11-03-22,28787,BA.1,passed_qc,Omicron (BA.1-like),0.99792143,21K (Omicron),good,136,"E:T9I,M:D3G,M:Q19E,M:A63T,N:P13L,N:R203K,N:G204R,N:D343G,ORF1a:K856R,ORF1a:L2084I,ORF1a:A2710T,ORF1a:T3255I,ORF1a:P3395H,ORF1a:I3758V,ORF1b:P314L,ORF1b:I1566V,ORF3a:L106F,ORF3a:S165F,ORF9b:P10S,S:A67V,S:T95I,S:L212I,S:G339D,S:S371L,S:S373P,S:S375F,S:K417N,S:N440K,S:G446S,S:S477N,S:T478K,S:E484A,S:Q493R,S:G496S,S:Q498R,S:N501Y,S:Y505H,S:T547K,S:D614G,S:H655Y,S:N679K,S:P681H,S:N764K,S:D796Y,S:N856K,S:Q954H,S:N969K,S:L981F"
NC-CORVASEQ-CLT-005945,EPI_ISL_11048832,,05-01-22,11-03-22,28734,BA.1.1,passed_qc,Omicron (BA.1-like),0.997087581,21K (Omicron),good,140,"E:T9I,M:D3G,M:Q19E,M:A63T,N:P13L,N:R203K,N:G204R,ORF1a:K856R,ORF1a:A2710T,ORF1a:T3255I,ORF1a:P3395H,ORF1a:I3758V,ORF1b:P314L,ORF1b:I1566V,ORF7a:C58F,ORF9b:P10S,S:A67V,S:T95I,S:L212I,S:G339D,S:R346K,S:S371L,S:S373P,S:S375F,S:K417N,S:N440K,S:G446S,S:S477N,S:T478K,S:E484A,S:Q493R,S:G496S,S:Q498R,S:N501Y,S:Y505H,S:T547K,S:D614G,S:H655Y,S:N679K,S:P681H,S:N764K,S:D796Y,S:N856K,S:Q954H,S:N969K,S:L981F"
NC-CORVASEQ-CLT-005946,EPI_ISL_11048833,,05-01-22,11-03-22,28732,BA.1.1,passed_qc,Omicron (BA.1-like),0.99792143,21K (Omicron),good,136,"E:T9I,M:D3G,M:Q19E,M:A63T,N:P13L,N:R203K,N:G204R,ORF1a:K856R,ORF1a:L2084I,ORF1a:A2710T,ORF1a:T3255I,ORF1a:P3395H,ORF1a:I3758V,ORF1b:I235M,ORF1b:P314L,ORF1b:A1377V,ORF1b:I1566V,ORF9b:P10S,S:A67V,S:T95I,S:L212I,S:G339D,S:R346K,S:S371L,S:S373P,S:S375F,S:K417N,S:N440K,S:G446S,S:S477N,S:T478K,S:E484A,S:Q493R,S:G496S,S:Q498R,S:N501Y,S:Y505H,S:T547K,S:D614G,S:H655Y,S:N679K,S:P681H,S:N764K,S:D796Y,S:N856K,S:Q954H,S:N969K,S:L981F"
NC-CORVASEQ-CLT-005947,EPI_ISL_11048834,,05-01-22,11-03-22,28806,BA.1.1,passed_qc,Omicron (BA.1-like),0.997087581,21K (Omicron),good,140,"E:T9I,M:D3G,M:Q19E,M:A63T,N:P13L,N:R203K,N:G204R,ORF1a:K856R,ORF1a:A2710T,ORF1a:T3255I,ORF1a:P3395H,ORF1a:I3758V,ORF1b:P314L,ORF1b:I1566V,ORF9b:P10S,S:A67V,S:T95I,S:L212I,S:G339D,S:R346K,S:S371L,S:S373P,S:S375F,S:K417N,S:N440K,S:G446S,S:S477N,S:T478K,S:E484A,S:Q493R,S:G496S,S:Q498R,S:N501Y,S:Y505H,S:T547K,S:D614G,S:H655Y,S:N679K,S:P681H,S:N764K,S:D796Y,S:N856K,S:Q954H,S:N969K,S:L981F"
NC-CORVASEQ-CLT-005949,EPI_ISL_11048835,,06-01-22,11-03-22,28645,BA.1.1,passed_qc,Omicron (BA.1-like),0.99792143,21K (Omicron),good,136,"E:T9I,M:D3G,M:Q19E,M:A63T,N:P13L,N:R203K,N:G204R,ORF1a:K856R,ORF1a:L2084I,ORF1a:A2554V,ORF1a:A2710T,ORF1a:T3255I,ORF1a:P3395H,ORF1a:I3758V,ORF1b:P314L,ORF1b:T794I,ORF1b:I1566V,ORF9b:P10S,S:A67V,S:T95I,S:L212I,S:G339D,S:R346K,S:S371L,S:S373P,S:S375F,S:K417N,S:N440K,S:G446S,S:S477N,S:T478K,S:E484A,S:Q493R,S:G496S,S:Q498R,S:N501Y,S:Y505H,S:T547K,S:D614G,S:H655Y,S:N679K,S:P681H,S:N764K,S:D796Y,S:N856K,S:Q954H,S:N969K,S:L981F,S:P1162S"
NC-CORVASEQ-CLT-005950,EPI_ISL_11048836,,06-01-22,11-03-22,28803,BA.1,passed_qc,Omicron (BA.1-like),0.99792143,21K (Omicron),good,136,"E:T9I,M:D3G,M:Q19E,M:A63T,N:P13L,N:R203K,N:G204R,N:D343G,ORF1a:K856R,ORF1a:L2084I,ORF1a:A2710T,ORF1a:T3255I,ORF1a:P3395H,ORF1a:I3758V,ORF1b:P314L,ORF1b:I1566V,ORF3a:L106F,ORF9b:P10S,S:A67V,S:T95I,S:L212I,S:G339D,S:S371L,S:S373P,S:S375F,S:K417N,S:N440K,S:G446S,S:S477N,S:T478K,S:E484A,S:Q493R,S:G496S,S:Q498R,S:N501Y,S:Y505H,S:T547K,S:D614G,S:H655Y,S:N679K,S:P681H,S:N764K,S:D796Y,S:N856K,S:Q954H,S:N969K,S:L981F"
NC-CORVASEQ-CLT-005951,EPI_ISL_11048837,,06-01-22,11-03-22,28716,BA.1,passed_qc,Omicron (BA.1-like),0.979034307,21K (Omicron),bad,869,"E:T9I,M:D3G,M:Q19E,M:A63T,N:P13L,N:R203K,N:G204R,N:D343G,ORF1a:K856R,ORF1a:K1305R,ORF1a:A2710T,ORF1a:T3255I,ORF1a:P3395H,ORF1a:I3758V,ORF1b:P314L,ORF1b:I1566V,ORF3a:L106F,ORF9b:P10S,S:T95I,S:Y145D,S:L212I,S:G339D,S:S371L,S:S373P,S:S375F,S:L452R,S:S477N,S:T478K,S:E484A,S:Q493R,S:G496S,S:Q498R,S:N501Y,S:Y505H,S:T547K,S:D614G,S:H655Y,S:N679K,S:P681H,S:N764K,S:D796Y,S:N856K,S:Q954H,S:N969K,S:L981F"
NC-CORVASEQ-CLT-005952,EPI_ISL_11048838,,06-01-22,11-03-22,28704,BA.1.1,passed_qc,Omicron (BA.1-like),1,21K (Omicron),good,126,"E:T9I,M:A2S,M:D3G,M:Q19E,M:A63T,N:P13L,N:R203K,N:G204R,ORF1a:K856R,ORF1a:L2084I,ORF1a:A2554V,ORF1a:A2710T,ORF1a:T3255I,ORF1a:P3395H,ORF1a:I3758V,ORF1b:P314L,ORF1b:I1566V,ORF9b:P10S,S:A67V,S:T95I,S:L212I,S:G339D,S:R346K,S:S371L,S:S373P,S:S375F,S:K417N,S:S477N,S:T478K,S:E484A,S:Q493R,S:G496S,S:Q498R,S:N501Y,S:Y505H,S:T547K,S:D614G,S:H655Y,S:N679K,S:P681H,S:N764K,S:D796Y,S:N856K,S:Q954H,S:N969K,S:L981F"
NC-CORVASEQ-CLT-005953,EPI_ISL_11048839,,06-01-22,11-03-22,28704,BA.1.1,passed_qc,Omicron (BA.1-like),0.99792143,21K (Omicron),good,136,"E:T9I,M:D3G,M:Q19E,M:A63T,N:P13L,N:R203K,N:G204R,ORF1a:K856R,ORF1a:L2084I,ORF1a:A2710T,ORF1a:T3255I,ORF1a:P3395H,ORF1a:I3758V,ORF1b:P314L,ORF1b:I1566V,ORF9b:P10S,S:A67V,S:T95I,S:L212I,S:G339D,S:R346K,S:S371L,S:S373P,S:S375F,S:K417N,S:N440K,S:G446S,S:S477N,S:T478K,S:E484A,S:Q493R,S:G496S,S:Q498R,S:N501Y,S:Y505H,S:T547K,S:D614G,S:H655Y,S:N679K,S:P681H,S:N764K,S:D796Y,S:N856K,S:Q954H,S:N969K,S:L981F"
NC-CORVASEQ-CLT-005954,EPI_ISL_11048840,,06-01-22,11-03-22,28752,BA.1.1,passed_qc,Omicron (BA.1-like),0.99792143,21K (Omicron),good,136,"E:T9I,M:D3G,M:Q19E,M:A63T,N:P13L,N:R203K,N:G204R,ORF1a:K856R,ORF1a:L2084I,ORF1a:A2710T,ORF1a:T3255I,ORF1a:P3395H,ORF1a:I3758V,ORF1b:P314L,ORF1b:I1566V,ORF9b:P10S,S:A67V,S:T95I,S:L212I,S:G339D,S:R346K,S:S371L,S:S373P,S:S375F,S:K417N,S:N440K,S:G446S,S:S477N,S:T478K,S:E484A,S:Q493R,S:G496S,S:Q498R,S:N501Y,S:Y505H,S:T547K,S:D614G,S:H655Y,S:N679K,S:P681H,S:N764K,S:D796Y,S:N856K,S:Q954H,S:N969K,S:L981F"
NC-CORVASEQ-CLT-005955,EPI_ISL_11048841,,06-01-22,11-03-22,28778,BA.1.1,passed_qc,Omicron (BA.1-like),0.997087581,21K (Omicron),good,140,"E:T9I,M:D3G,M:Q19E,M:A63T,N:P13L,N:R203K,N:G204R,ORF1a:K856R,ORF1a:A2710T,ORF1a:T3255I,ORF1a:P3395H,ORF1a:I3758V,ORF1b:P314L,ORF1b:I1566V,ORF1b:I2550V,ORF9b:P10S,S:A67V,S:T95I,S:L212I,S:G339D,S:R346K,S:S371L,S:S373P,S:S375F,S:K417N,S:N440K,S:G446S,S:S477N,S:T478K,S:E484A,S:Q493R,S:G496S,S:Q498R,S:N501Y,S:Y505H,S:T547K,S:D614G,S:H655Y,S:N679K,S:P681H,S:N764K,S:D796Y,S:N856K,S:Q954H,S:N969K,S:L981F"
NC-CORVASEQ-CLT-005956,EPI_ISL_11048842,,06-01-22,11-03-22,28803,BA.1,passed_qc,Omicron (BA.1-like),0.99792143,21K (Omicron),good,136,"E:T9I,M:D3G,M:Q19E,M:A63T,N:P13L,N:P67S,N:R203K,N:G204R,ORF1a:K856R,ORF1a:L2084I,ORF1a:A2710T,ORF1a:T3255I,ORF1a:P3395H,ORF1a:I3758V,ORF1b:P314L,ORF1b:I1566V,ORF1b:S1898Y,ORF9b:P10S,S:A67V,S:T95I,S:L212I,S:G339D,S:S371L,S:S373P,S:S375F,S:K417N,S:N440K,S:G446S,S:S477N,S:T478K,S:E484A,S:Q493R,S:G496S,S:Q498R,S:N501Y,S:Y505H,S:T547K,S:D614G,S:H655Y,S:N679K,S:P681H,S:N764K,S:D796Y,S:N856K,S:Q954H,S:N969K,S:L981F"
NC-CORVASEQ-CLT-005957,EPI_ISL_11048843,,06-01-22,11-03-22,28739,BA.1,passed_qc,Omicron (BA.1-like),0.991633549,21K (Omicron),good,361,"E:T9I,M:D3G,M:Q19E,M:A63T,N:P13L,N:R203K,N:G204R,ORF1a:K856R,ORF1a:A2710T,ORF1a:T3255I,ORF1a:P3395H,ORF1a:I3758V,ORF1b:P314L,ORF1b:I1566V,ORF9b:P10S,S:A67V,S:T95I,S:L212I,S:G339D,S:S371L,S:S373P,S:S375F,S:K417N,S:N440K,S:G446S,S:S477N,S:T478K,S:E484A,S:Q493R,S:G496S,S:Q498R,S:N501Y,S:Y505H,S:T547K,S:D614G,S:H655Y,S:N679K,S:P681H,S:N764K,S:D796Y,S:N856K,S:Q954H,S:N969K,S:L981F"
NC-CORVASEQ-CLT-005958,EPI_ISL_11048844,,06-01-22,11-03-22,28715,BA.1,passed_qc,Omicron (BA.1-like),0.99792143,21K (Omicron),good,136,"E:T9I,M:D3G,M:Q19E,M:A63T,N:P13L,N:R203K,N:G204R,N:D343G,ORF1a:K856R,ORF1a:L2084I,ORF1a:A2710T,ORF1a:T3255I,ORF1a:P3395H,ORF1a:I3758V,ORF1b:P314L,ORF1b:A576V,ORF1b:I1566V,ORF3a:L106F,ORF9b:P10S,S:A67V,S:T95I,S:L212I,S:G339D,S:S371L,S:S373P,S:S375F,S:K417N,S:N440K,S:G446S,S:S477N,S:T478K,S:E484A,S:Q493R,S:G496S,S:Q498R,S:N501Y,S:Y505H,S:T547K,S:D614G,S:H655Y,S:N679K,S:P681H,S:N764K,S:D796Y,S:N856K,S:Q954H,S:N969K,S:L981F"
NC-CORVASEQ-CLT-005959,EPI_ISL_11048845,,06-01-22,11-03-22,28803,BA.1.1,passed_qc,Omicron (BA.1-like),0.99792143,21K (Omicron),good,136,"E:T9I,M:D3G,M:Q19E,M:A63T,N:P13L,N:R203K,N:G204R,ORF1a:P371S,ORF1a:K856R,ORF1a:L2084I,ORF1a:A2710T,ORF1a:T3255I,ORF1a:P3395H,ORF1a:I3758V,ORF1b:P314L,ORF1b:I1566V,ORF9b:P10S,S:A67V,S:T95I,S:L212I,S:G339D,S:R346K,S:S371L,S:S373P,S:S375F,S:K417N,S:N440K,S:G446S,S:S477N,S:T478K,S:E484A,S:Q493R,S:G496S,S:Q498R,S:N501Y,S:Y505H,S:T547K,S:D614G,S:H655Y,S:N679K,S:P681H,S:N764K,S:D796Y,S:N856K,S:Q954H,S:N969K,S:L981F"
NC-CORVASEQ-CLT-005960,EPI_ISL_11048846,,06-01-22,11-03-22,28715,BA.1,passed_qc,Omicron (BA.1-like),0.99792143,21K (Omicron),good,136,"E:T9I,M:D3G,M:Q19E,M:A63T,N:P13L,N:D22A,N:R203K,N:G204R,N:D343G,ORF1a:K856R,ORF1a:L2084I,ORF1a:A2710T,ORF1a:T3255I,ORF1a:P3395H,ORF1a:I3758V,ORF1b:P314L,ORF1b:I1566V,ORF3a:L106F,ORF9b:P10S,ORF9b:I19L,S:A67V,S:T95I,S:L212I,S:G339D,S:S371L,S:S373P,S:S375F,S:K417N,S:N440K,S:G446S,S:S477N,S:T478K,S:E484A,S:Q493R,S:G496S,S:Q498R,S:N501Y,S:Y505H,S:T547K,S:D614G,S:H655Y,S:N679K,S:P681H,S:N764K,S:D796Y,S:N856K,S:Q954H,S:N969K,S:L981F"
NC-CORVASEQ-CLT-005961,EPI_ISL_11048847,,06-01-22,11-03-22,28704,BA.1.1,passed_qc,Omicron (BA.1-like),0.99792143,21K (Omicron),good,136,"E:T9I,M:D3G,M:Q19E,M:A63T,N:P13L,N:R203K,N:G204R,ORF1a:K856R,ORF1a:L2084I,ORF1a:A2710T,ORF1a:T3255I,ORF1a:P3395H,ORF1a:I3758V,ORF1b:P314L,ORF1b:I1566V,ORF9b:P10S,S:A67V,S:T95I,S:L212I,S:G339D,S:R346K,S:S371L,S:S373P,S:S375F,S:K417N,S:N440K,S:G446S,S:S477N,S:T478K,S:E484A,S:Q493R,S:G496S,S:Q498R,S:N501Y,S:Y505H,S:T547K,S:D614G,S:H655Y,S:N679K,S:P681H,S:N764K,S:D796Y,S:N856K,S:Q954H,S:N969K,S:L981F"
NC-CORVASEQ-CLT-005962,EPI_ISL_11048848,,06-01-22,11-03-22,28801,BA.1,passed_qc,Omicron (BA.1-like),0.99792143,21K (Omicron),good,136,"E:T9I,M:D3G,M:Q19E,M:A63T,N:P13L,N:R203K,N:G204R,ORF1a:V543I,ORF1a:L580F,ORF1a:K856R,ORF1a:T1822I,ORF1a:L2084I,ORF1a:A2710T,ORF1a:T3255I,ORF1a:P3395H,ORF1a:I3758V,ORF1b:P314L,ORF1b:I1566V,ORF9b:P10S,S:A67V,S:T95I,S:L212I,S:G339D,S:S371L,S:S373P,S:S375F,S:K417N,S:N440K,S:G446S,S:S477N,S:T478K,S:E484A,S:Q493R,S:G496S,S:Q498R,S:N501Y,S:Y505H,S:T547K,S:D614G,S:H655Y,S:N679K,S:P681H,S:N764K,S:D796Y,S:N856K,S:Q954H,S:N969K,S:L981F"
NC-CORVASEQ-CLT-005963,EPI_ISL_11048849,,06-01-22,11-03-22,28729,BA.1,passed_qc,Omicron (BA.1-like),0.996670135,21K (Omicron),good,162,"E:T9I,M:D3G,M:Q19E,M:A63T,N:P13L,N:R203K,N:G204R,ORF1a:K856R,ORF1a:A2710T,ORF1a:T3255I,ORF1a:P3395H,ORF1a:I3758V,ORF1b:P314L,ORF1b:I1566V,ORF9b:P10S,S:A67V,S:T95I,S:L212I,S:G339D,S:S371L,S:S373P,S:S375F,S:K417N,S:N440K,S:G446S,S:S477N,S:T478K,S:E484A,S:Q493R,S:G496S,S:Q498R,S:N501Y,S:Y505H,S:T547K,S:D614G,S:H655Y,S:N679K,S:P681H,S:N764K,S:D796Y,S:N856K,S:Q954H,S:N969K,S:L981F"
NC-CORVASEQ-CLT-005964,EPI_ISL_11048850,,06-01-22,11-03-22,28715,BA.1.1,passed_qc,Omicron (BA.1-like),0.997087581,21K (Omicron),good,140,"E:T9I,M:D3G,M:Q19E,M:A63T,N:P13L,N:R203K,N:G204R,ORF1a:C655Y,ORF1a:K856R,ORF1a:A2710T,ORF1a:T3255I,ORF1a:P3395H,ORF1a:I3758V,ORF1b:P314L,ORF1b:I1566V,ORF9b:P10S,S:A67V,S:T95I,S:L212I,S:G339D,S:R346K,S:S371L,S:S373P,S:S375F,S:K417N,S:N440K,S:G446S,S:S477N,S:T478K,S:E484A,S:Q493R,S:G496S,S:Q498R,S:N501Y,S:Y505H,S:T547K,S:D614G,S:H655Y,S:N679K,S:P681H,S:N764K,S:D796Y,S:N856K,S:Q954H,S:N969K,S:L981F"
NC-CORVASEQ-CLT-005965,EPI_ISL_11048851,,06-01-22,11-03-22,28721,BA.1.1,passed_qc,Omicron (BA.1-like),0.99792143,21K (Omicron),good,136,"E:T9I,M:D3G,M:Q19E,M:A63T,N:P13L,N:R203K,N:G204R,ORF1a:K856R,ORF1a:L2084I,ORF1a:A2554V,ORF1a:A2710T,ORF1a:T3255I,ORF1a:P3395H,ORF1a:I3758V,ORF1b:P314L,ORF1b:I1566V,ORF9b:P10S,S:A67V,S:T95I,S:L212I,S:G339D,S:R346K,S:S371L,S:S373P,S:S375F,S:K417N,S:N440K,S:G446S,S:S477N,S:T478K,S:E484A,S:Q493R,S:G496S,S:Q498R,S:N501Y,S:Y505H,S:T547K,S:D614G,S:H655Y,S:N679K,S:P681H,S:N764K,S:D796Y,S:N856K,S:Q954H,S:N969K,S:L981F"
NC-CORVASEQ-CLT-005966,EPI_ISL_11048852,,08-01-22,11-03-22,28704,AY.25,passed_qc,Delta (B.1.617.2-like),1,21J (Delta),mediocre,126,"M:T30I,M:I82T,N:D63G,N:R203M,N:G215C,N:T271I,N:D377Y,ORF1a:A1306S,ORF1a:P2046L,ORF1a:P2287S,ORF1a:V2930L,ORF1a:T3255I,ORF1a:T3646A,ORF1a:M3934I,ORF1b:P314L,ORF1b:G662S,ORF1b:P1000L,ORF1b:A1918V,ORF3a:S26L,ORF3a:E239Q,ORF7a:V82A,ORF7a:T120I,ORF9b:T60A,S:T19R,S:S112L,S:G142D,S:R158G,S:L452R,S:T478K,S:D614G,S:P681R,S:D936N,S:D950N"
NC-CORVASEQ-CLT-005967,EPI_ISL_11048853,,08-01-22,11-03-22,28804,BA.1.1,passed_qc,Omicron (BA.1-like),0.997087581,21K (Omicron),good,140,"E:T9I,M:D3G,M:Q19E,M:A63T,N:P13L,N:R203K,N:G204R,ORF1a:K856R,ORF1a:M1769I,ORF1a:A2710T,ORF1a:T3255I,ORF1a:P3395H,ORF1a:I3758V,ORF1b:P314L,ORF1b:I1566V,ORF9b:P10S,S:A67V,S:T95I,S:L212I,S:G339D,S:R346K,S:S371L,S:S373P,S:S375F,S:K417N,S:N440K,S:G446S,S:S477N,S:T478K,S:E484A,S:Q493R,S:G496S,S:Q498R,S:N501Y,S:Y505H,S:T547K,S:D614G,S:H655Y,S:N679K,S:P681H,S:N764K,S:D796Y,S:N856K,S:Q954H,S:N969K,S:L981F"
NC-CORVASEQ-CLT-005968,EPI_ISL_11048854,,08-01-22,11-03-22,28805,BA.1.1,passed_qc,Omicron (BA.1-like),0.99792143,21K (Omicron),good,136,"E:T9I,M:D3G,M:Q19E,M:A63T,N:P13L,N:R203K,N:G204R,ORF1a:K856R,ORF1a:L2084I,ORF1a:A2554V,ORF1a:A2710T,ORF1a:T3255I,ORF1a:P3395H,ORF1a:I3758V,ORF1b:P314L,ORF1b:I1566V,ORF9b:P10S,S:A67V,S:T95I,S:L212I,S:G339D,S:R346K,S:S371L,S:S373P,S:S375F,S:K417N,S:N440K,S:G446S,S:S477N,S:T478K,S:E484A,S:Q493R,S:G496S,S:Q498R,S:N501Y,S:Y505H,S:T547K,S:D614G,S:H655Y,S:N679K,S:P681H,S:N764K,S:D796Y,S:N856K,S:Q954H,S:N969K,S:L981F"
NC-CORVASEQ-CLT-005969,EPI_ISL_11048855,,08-01-22,11-03-22,28791,BA.1.1,passed_qc,Omicron (BA.1-like),0.99792143,21K (Omicron),good,136,"E:T9I,M:D3G,M:Q19E,M:A63T,N:P13L,N:R203K,N:G204R,N:T391I,ORF1a:K856R,ORF1a:I1326T,ORF1a:L2084I,ORF1a:A2710T,ORF1a:T3255I,ORF1a:K3353R,ORF1a:P3395H,ORF1a:I3758V,ORF1b:P314L,ORF1b:I1566V,ORF9b:P10S,S:A67V,S:T95I,S:L212I,S:G339D,S:R346K,S:S371L,S:S373P,S:S375F,S:K417N,S:N440K,S:G446S,S:S477N,S:T478K,S:E484A,S:Q493R,S:G496S,S:Q498R,S:N501Y,S:Y505H,S:T547K,S:D614G,S:H655Y,S:N679K,S:P681H,S:N764K,S:D796Y,S:N856K,S:Q954H,S:N969K,S:L981F"
NC-CORVASEQ-CLT-005970,EPI_ISL_11048856,,19-01-22,11-03-22,28805,BA.1.1,passed_qc,Omicron (BA.1-like),0.997087581,21K (Omicron),good,140,"E:T9I,M:D3G,M:Q19E,M:A63T,N:P13L,N:R203K,N:G204R,N:D415E,ORF1a:H374Y,ORF1a:K856R,ORF1a:A2710T,ORF1a:T3255I,ORF1a:P3395H,ORF1a:I3758V,ORF1b:P314L,ORF1b:I1566V,ORF9b:P10S,S:A67V,S:T95I,S:L212I,S:G339D,S:R346K,S:S371L,S:S373P,S:S375F,S:K417N,S:N440K,S:G446S,S:S477N,S:T478K,S:E484A,S:Q493R,S:G496S,S:Q498R,S:N501Y,S:Y505H,S:T547K,S:D614G,S:H655Y,S:N679K,S:P681H,S:N764K,S:D796Y,S:N856K,S:Q954H,S:N969K,S:L981F"
NC-CORVASEQ-CLT-005971,EPI_ISL_11048857,,19-01-22,11-03-22,28704,BA.1,passed_qc,Omicron (BA.1-like),0.99792143,21K (Omicron),good,136,"E:T9I,M:D3G,M:Q19E,M:A63T,N:P13L,N:R203K,N:G204R,ORF1a:K856R,ORF1a:L2084I,ORF1a:A2710T,ORF1a:T3255I,ORF1a:P3395H,ORF1a:I3758V,ORF1b:P314L,ORF1b:I1566V,ORF1b:I1862V,ORF9b:P10S,S:A67V,S:T95I,S:M153T,S:L212I,S:G339D,S:S371L,S:S373P,S:S375F,S:K417N,S:N440K,S:G446S,S:S477N,S:T478K,S:E484A,S:Q493R,S:G496S,S:Q498R,S:N501Y,S:Y505H,S:T547K,S:D614G,S:H655Y,S:N679K,S:P681H,S:N764K,S:D796Y,S:N856K,S:Q954H,S:N969K,S:L981F"
NC-CORVASEQ-CLT-005972,EPI_ISL_11048858,,19-01-22,11-03-22,28759,None,passed_qc,Omicron (Unassigned),0.99792143,21K (Omicron),good,136,"E:T9I,M:D3G,M:Q19E,M:A63T,N:P13L,N:R203K,N:G204R,ORF1a:K856R,ORF1a:T1822I,ORF1a:L2084I,ORF1a:A2710T,ORF1a:T3255I,ORF1a:P3395H,ORF1a:I3758V,ORF1b:P314L,ORF1b:I1566V,ORF9b:P10S,S:A67V,S:T95I,S:L212I,S:G339D,S:S371L,S:S373P,S:S375F,S:K417N,S:N440K,S:G446S,S:S477N,S:T478K,S:E484A,S:Q493R,S:G496S,S:Q498R,S:N501Y,S:Y505H,S:T547K,S:D614G,S:H655Y,S:N679K,S:P681H,S:N764K,S:D796Y,S:N856K,S:Q954H,S:N969K,S:L981F"
NC-CORVASEQ-CLT-005973,EPI_ISL_11048859,,19-01-22,11-03-22,28701,BA.1.1,passed_qc,Omicron (BA.1-like),0.99792143,21K (Omicron),good,136,"E:T9I,M:D3G,M:Q19E,M:A63T,N:P13L,N:R203K,N:G204R,ORF1a:K856R,ORF1a:L2084I,ORF1a:A2710T,ORF1a:T3255I,ORF1a:P3395H,ORF1a:I3758V,ORF1b:P314L,ORF1b:G661V,ORF1b:I1566V,ORF8:S67F,ORF9b:P10S,S:A67V,S:T95I,S:L212I,S:G339D,S:R346K,S:S371L,S:S373P,S:S375F,S:K417N,S:N440K,S:G446S,S:S477N,S:T478K,S:E484A,S:Q493R,S:G496S,S:Q498R,S:N501Y,S:Y505H,S:T547K,S:D614G,S:H655Y,S:N679K,S:P681H,S:N764K,S:D796Y,S:N856K,S:Q954H,S:N969K,S:L981F"
NC-CORVASEQ-CLT-005974,EPI_ISL_11048860,,19-01-22,11-03-22,28803,BA.1.1,passed_qc,Omicron (BA.1-like),0.997087581,21K (Omicron),good,140,"E:T9I,M:D3G,M:Q19E,M:A63T,N:P13L,N:R203K,N:G204R,ORF1a:K856R,ORF1a:A2710T,ORF1a:T3255I,ORF1a:P3395H,ORF1a:M3616T,ORF1a:I3758V,ORF1b:P314L,ORF1b:I1566V,ORF9b:P10S,S:A67V,S:T95I,S:L212I,S:G339D,S:R346K,S:S371L,S:S373P,S:S375F,S:K417N,S:N440K,S:G446S,S:S477N,S:T478K,S:E484A,S:Q493R,S:G496S,S:Q498R,S:N501Y,S:Y505H,S:T547K,S:D614G,S:H655Y,S:N679K,S:P681H,S:N764K,S:D796Y,S:N856K,S:Q954H,S:N969K,S:L981F"
NC-CORVASEQ-CLT-005975,EPI_ISL_11048861,,19-01-22,11-03-22,28786,BA.1.1,passed_qc,Omicron (BA.1-like),0.99792143,21K (Omicron),good,136,"E:T9I,M:D3G,M:Q19E,M:A63T,N:P13L,N:R203K,N:G204R,ORF1a:K856R,ORF1a:L2084I,ORF1a:A2710T,ORF1a:T3255I,ORF1a:P3395H,ORF1a:I3758V,ORF1b:P314L,ORF1b:I1566V,ORF3a:S40L,ORF9b:P10S,S:A67V,S:T95I,S:L212I,S:G339D,S:R346K,S:S371L,S:S373P,S:S375F,S:K417N,S:N440K,S:G446S,S:S477N,S:T478K,S:E484A,S:Q493R,S:G496S,S:Q498R,S:N501Y,S:Y505H,S:T547K,S:D614G,S:H655Y,S:N679K,S:P681H,S:N764K,S:D796Y,S:N856K,S:Q954H,S:N969K,S:L981F"
NC-CORVASEQ-CLT-005976,EPI_ISL_11048862,,19-01-22,11-03-22,28731,BA.1.1,passed_qc,Omicron (BA.1-like),0.99792143,21K (Omicron),good,136,"E:T9I,M:D3G,M:Q19E,M:A63T,N:P13L,N:R203K,N:G204R,ORF1a:S428G,ORF1a:K856R,ORF1a:T1682I,ORF1a:L2084I,ORF1a:A2710T,ORF1a:T3255I,ORF1a:P3395H,ORF1a:I3758V,ORF1b:P314L,ORF1b:I1566V,ORF9b:P10S,S:A67V,S:T95I,S:L212I,S:G339D,S:R346K,S:S371L,S:S373P,S:S375F,S:K417N,S:N440K,S:G446S,S:S477N,S:T478K,S:E484A,S:Q493R,S:G496S,S:Q498R,S:N501Y,S:Y505H,S:T547K,S:D614G,S:H655Y,S:N679K,S:P681H,S:N764K,S:D796Y,S:N856K,S:Q954H,S:N969K,S:L981F"
NC-CORVASEQ-CLT-005977,EPI_ISL_11048863,,19-01-22,11-03-22,28803,BA.1.1,passed_qc,Omicron (BA.1-like),0.99792143,21K (Omicron),good,136,"E:T9I,M:D3G,M:Q19E,M:A63T,N:P13L,N:R203K,N:G204R,ORF1a:K856R,ORF1a:L2084I,ORF1a:A2554V,ORF1a:A2710T,ORF1a:T3255I,ORF1a:P3395H,ORF1a:I3758V,ORF1b:P314L,ORF1b:I1566V,ORF9b:P10S,S:A67V,S:T95I,S:L212I,S:G339D,S:R346K,S:S371L,S:S373P,S:S375F,S:K417N,S:N440K,S:G446S,S:S477N,S:T478K,S:E484A,S:Q493R,S:G496S,S:Q498R,S:N501Y,S:Y505H,S:T547K,S:D614G,S:H655Y,S:N679K,S:P681H,S:N764K,S:D796Y,S:N856K,S:Q954H,S:N969K,S:L981F"
NC-CORVASEQ-CLT-005978,EPI_ISL_11048864,,19-01-22,11-03-22,28806,BA.1.1,passed_qc,Omicron (BA.1-like),0.99792143,21K (Omicron),good,136,"E:T9I,M:D3G,M:Q19E,M:A63T,N:P13L,N:R203K,N:G204R,ORF1a:K856R,ORF1a:L2084I,ORF1a:A2554V,ORF1a:A2710T,ORF1a:T3255I,ORF1a:P3395H,ORF1a:I3758V,ORF1b:P314L,ORF1b:I1566V,ORF8:E106D,ORF9b:P10S,S:A67V,S:T95I,S:L212I,S:G339D,S:R346K,S:S371L,S:S373P,S:S375F,S:K417N,S:N440K,S:G446S,S:S477N,S:T478K,S:E484A,S:Q493R,S:G496S,S:Q498R,S:N501Y,S:Y505H,S:T547K,S:D614G,S:H655Y,S:N679K,S:P681H,S:N764K,S:D796Y,S:N856K,S:Q954H,S:N969K,S:L981F"
NC-CORVASEQ-CLT-005979,EPI_ISL_11048865,,19-01-22,11-03-22,28803,BA.1,passed_qc,Omicron (BA.1-like),0.997087581,21K (Omicron),good,140,"E:T9I,M:D3G,M:Q19E,M:A63T,N:P13L,N:S33D,N:R203K,N:G204R,N:D343G,ORF1a:K856R,ORF1a:A2710T,ORF1a:T3255I,ORF1a:P3395H,ORF1a:I3758V,ORF1b:P314L,ORF1b:I1566V,ORF3a:L106F,ORF3a:S165F,ORF9b:P10S,ORF9b:V30M,S:A67V,S:T95I,S:L212I,S:G339D,S:S371L,S:S373P,S:S375F,S:K417N,S:N440K,S:G446S,S:S477N,S:T478K,S:E484A,S:Q493R,S:G496S,S:Q498R,S:N501Y,S:Y505H,S:T547K,S:D614G,S:H655Y,S:N679K,S:P681H,S:N764K,S:D796Y,S:N856K,S:Q954H,S:N969K,S:L981F"
NC-CORVASEQ-CLT-005980,EPI_ISL_11048866,,19-01-22,11-03-22,28752,BA.1.1,passed_qc,Omicron (BA.1-like),0.997087581,21K (Omicron),good,140,"E:T9I,M:D3G,M:Q19E,M:A63T,N:P13L,N:R203K,N:G204R,ORF1a:Q575R,ORF1a:K856R,ORF1a:A2710T,ORF1a:T3255I,ORF1a:P3395H,ORF1a:I3758V,ORF1b:P314L,ORF1b:I1566V,ORF1b:L1701F,ORF9b:P10S,S:A67V,S:T95I,S:L212I,S:G339D,S:R346K,S:S371L,S:S373P,S:S375F,S:K417N,S:N440K,S:G446S,S:S477N,S:T478K,S:E484A,S:Q493R,S:G496S,S:Q498R,S:N501Y,S:Y505H,S:T547K,S:D614G,S:H655Y,S:N679K,S:P681H,S:N764K,S:D796Y,S:N856K,S:Q954H,S:N969K,S:L981F"
NC-CORVASEQ-CLT-005981,EPI_ISL_11048867,,19-01-22,11-03-22,28803,BA.1.1,passed_qc,Omicron (BA.1-like),0.997087581,21K (Omicron),good,140,"E:T9I,M:D3G,M:Q19E,M:A63T,N:P13L,N:R203K,N:G204R,ORF1a:K856R,ORF1a:A2710T,ORF1a:T3255I,ORF1a:P3395H,ORF1a:I3758V,ORF1b:P314L,ORF1b:I1566V,ORF9b:P10S,S:A67V,S:T95I,S:L212I,S:G339D,S:R346K,S:S371L,S:S373P,S:S375F,S:K417N,S:N440K,S:G446S,S:S477N,S:T478K,S:E484A,S:Q493R,S:G496S,S:Q498R,S:N501Y,S:Y505H,S:T547K,S:D614G,S:H655Y,S:N679K,S:P681H,S:N764K,S:D796Y,S:N856K,S:Q954H,S:N969K,S:L981F"
NC-CORVASEQ-CLT-005982,EPI_ISL_11048868,,20-01-22,11-03-22,28762,BA.1,passed_qc,Omicron (BA.1-like),0.99792143,21K (Omicron),good,136,"E:T9I,M:D3G,M:Q19E,M:A63T,N:P13L,N:R203K,N:G204R,N:D343G,ORF1a:K856R,ORF1a:L2084I,ORF1a:A2710T,ORF1a:T3255I,ORF1a:P3395H,ORF1a:I3758V,ORF1b:P314L,ORF1b:I1566V,ORF3a:L106F,ORF9b:P10S,S:A67V,S:T95I,S:L212I,S:G339D,S:S371L,S:S373P,S:S375F,S:K417N,S:N440K,S:G446S,S:S477N,S:T478K,S:E484A,S:Q493R,S:G496S,S:Q498R,S:N501Y,S:Y505H,S:T547K,S:D614G,S:H655Y,S:N679K,S:P681H,S:N764K,S:D796Y,S:N856K,S:Q954H,S:N969K,S:L981F"
NC-CORVASEQ-CLT-005983,EPI_ISL_11048869,,20-01-22,11-03-22,28805,BA.1.1,passed_qc,Omicron (BA.1-like),0.99792143,21K (Omicron),good,136,"E:T9I,M:D3G,M:Q19E,M:A63T,N:P13L,N:R203K,N:G204R,ORF1a:K856R,ORF1a:L2084I,ORF1a:A2710T,ORF1a:T3255I,ORF1a:P3395H,ORF1a:I3758V,ORF1b:P314L,ORF1b:I1566V,ORF9b:P10S,S:A67V,S:T95I,S:L212I,S:G339D,S:R346K,S:S371L,S:S373P,S:S375F,S:K417N,S:N440K,S:G446S,S:S477N,S:T478K,S:E484A,S:Q493R,S:G496S,S:Q498R,S:N501Y,S:Y505H,S:T547K,S:D614G,S:H655Y,S:N679K,S:P681H,S:N764K,S:D796Y,S:N856K,S:Q954H,S:N969K,S:L981F"
NC-CORVASEQ-CLT-005984,EPI_ISL_11048870,,21-01-22,11-03-22,28804,BA.1.1,passed_qc,Omicron (BA.1-like),0.99792143,21K (Omicron),good,136,"E:T9I,M:D3G,M:Q19E,M:A63T,N:P13L,N:R203K,N:G204R,ORF1a:K856R,ORF1a:L2084I,ORF1a:A2554V,ORF1a:A2710T,ORF1a:T3255I,ORF1a:P3395H,ORF1a:I3758V,ORF1b:P314L,ORF1b:I1566V,ORF8:E106D,ORF9b:P10S,S:A67V,S:T95I,S:L212I,S:G339D,S:R346K,S:S371L,S:S373P,S:S375F,S:K417N,S:N440K,S:G446S,S:S477N,S:T478K,S:E484A,S:Q493R,S:G496S,S:Q498R,S:N501Y,S:Y505H,S:T547K,S:D614G,S:H655Y,S:N679K,S:P681H,S:N764K,S:D796Y,S:N856K,S:Q954H,S:N969K,S:L981F"
NC-CORVASEQ-CLT-005985,EPI_ISL_11048871,,21-01-22,11-03-22,28787,BA.1.1,passed_qc,Omicron (BA.1-like),0.997087581,21K (Omicron),good,140,"E:T9I,M:D3G,M:Q19E,M:A63T,N:P13L,N:R203K,N:G204R,ORF1a:K856R,ORF1a:T1543I,ORF1a:A2710T,ORF1a:T3255I,ORF1a:P3395H,ORF1a:I3758V,ORF1b:P314L,ORF1b:I1566V,ORF9b:P10S,S:A67V,S:T95I,S:L212I,S:G339D,S:R346K,S:S371L,S:S373P,S:S375F,S:K417N,S:N440K,S:G446S,S:S477N,S:T478K,S:E484A,S:Q493R,S:G496S,S:Q498R,S:N501Y,S:Y505H,S:T547K,S:D614G,S:H655Y,S:N679K,S:P681H,S:N764K,S:D796Y,S:N856K,S:N969K,S:L981F"
NC-CORVASEQ-CLT-005986,EPI_ISL_11048872,,21-01-22,11-03-22,28716,BA.1.1,passed_qc,Omicron (BA.1-like),0.997087581,21K (Omicron),good,140,"E:T9I,M:D3G,M:Q19E,M:A63T,N:P13L,N:R203K,N:G204R,ORF1a:K856R,ORF1a:A2554V,ORF1a:A2710T,ORF1a:T3255I,ORF1a:P3395H,ORF1a:I3758V,ORF1b:P314L,ORF1b:I1566V,ORF9b:P10S,S:A67V,S:T95I,S:L212I,S:G339D,S:R346K,S:S371L,S:S373P,S:S375F,S:K417N,S:N440K,S:G446S,S:S477N,S:T478K,S:E484A,S:Q493R,S:G496S,S:Q498R,S:N501Y,S:Y505H,S:T547K,S:D614G,S:H655Y,S:N679K,S:P681H,S:N764K,S:D796Y,S:N856K,S:Q954H,S:N969K,S:L981F"
NC-CORVASEQ-CLT-005987,EPI_ISL_11048873,,24-01-22,11-03-22,28753,BA.1.1,passed_qc,Omicron (BA.1-like),0.997087581,21K (Omicron),good,140,"E:T9I,M:D3G,M:Q19E,M:A63T,N:P13L,N:R203K,N:G204R,ORF1a:K856R,ORF1a:A2710T,ORF1a:T3255I,ORF1a:P3395H,ORF1a:I3758V,ORF1b:P314L,ORF1b:I1566V,ORF3a:H182Y,ORF9b:P10S,S:A67V,S:T95I,S:S205C,S:L212I,S:G339D,S:R346K,S:S371L,S:S373P,S:S375F,S:K417N,S:N440K,S:G446S,S:S477N,S:T478K,S:E484A,S:Q493R,S:G496S,S:Q498R,S:N501Y,S:Y505H,S:T547K,S:D614G,S:H655Y,S:N679K,S:P681H,S:N764K,S:D796Y,S:N856K,S:Q954H,S:N969K,S:L981F"
NC-CORVASEQ-CLT-005988,EPI_ISL_11048874,,27-01-22,11-03-22,28803,BA.1.1,passed_qc,Omicron (BA.1-like),0.99792143,21K (Omicron),good,136,"E:T9I,M:D3G,M:Q19E,M:A63T,N:P13L,N:R203K,N:G204R,ORF1a:K856R,ORF1a:L2084I,ORF1a:A2554V,ORF1a:A2710T,ORF1a:T3255I,ORF1a:P3395H,ORF1a:I3758V,ORF1b:A37V,ORF1b:P314L,ORF1b:I1566V,ORF9b:P10S,S:A67V,S:T95I,S:L212I,S:G339D,S:R346K,S:S371L,S:S373P,S:S375F,S:K417N,S:N440K,S:G446S,S:S477N,S:T478K,S:E484A,S:Q493R,S:G496S,S:Q498R,S:N501Y,S:Y505H,S:T547K,S:D614G,S:H655Y,S:N679K,S:P681H,S:N764K,S:D796Y,S:N856K,S:Q954H,S:N969K,S:L981F"
NC-CORVASEQ-CLT-005989,EPI_ISL_11048875,,27-01-22,11-03-22,28774,BA.1.1,passed_qc,Omicron (BA.1-like),0.99792143,21K (Omicron),good,136,"E:T9I,M:D3G,M:Q19E,M:A63T,N:P13L,N:R203K,N:G204R,ORF1a:K856R,ORF1a:L2084I,ORF1a:A2710T,ORF1a:T3255I,ORF1a:P3395H,ORF1a:I3758V,ORF1b:P314L,ORF1b:I1566V,ORF9b:P10S,S:A67V,S:T95I,S:L212I,S:G339D,S:R346K,S:S371L,S:S373P,S:S375F,S:K417N,S:N440K,S:G446S,S:S477N,S:T478K,S:E484A,S:Q493R,S:G496S,S:Q498R,S:N501Y,S:Y505H,S:T547K,S:D614G,S:H655Y,S:N679K,S:P681H,S:N764K,S:D796Y,S:N856K,S:Q954H,S:N969K,S:L981F"
NC-CORVASEQ-CLT-005990,EPI_ISL_11048876,,27-01-22,11-03-22,28805,BA.1.1,passed_qc,Omicron (BA.1-like),0.99792143,21K (Omicron),good,136,"E:T9I,M:D3G,M:Q19E,M:A63T,N:P13L,N:R203K,N:G204R,N:Q281H,ORF1a:L384F,ORF1a:K856R,ORF1a:D2060N,ORF1a:L2084I,ORF1a:A2710T,ORF1a:T3255I,ORF1a:P3395H,ORF1a:I3758V,ORF1b:P314L,ORF1b:I1566V,ORF9b:P10S,S:A67V,S:T95I,S:L212I,S:G339D,S:R346K,S:S371L,S:S373P,S:S375F,S:K417N,S:N440K,S:G446S,S:S477N,S:T478K,S:E484A,S:Q493R,S:G496S,S:Q498R,S:N501Y,S:Y505H,S:T547K,S:D614G,S:H655Y,S:N679K,S:P681H,S:N764K,S:D796Y,S:N856K,S:Q954H,S:N969K,S:L981F"
NC-CORVASEQ-CLT-005991,EPI_ISL_11048877,,27-01-22,11-03-22,28719,BA.1.1,passed_qc,Omicron (BA.1-like),0.99792143,21K (Omicron),good,136,"E:T9I,M:D3G,M:Q19E,M:A63T,N:P13L,N:R203K,N:G204R,ORF1a:K856R,ORF1a:L2084I,ORF1a:A2710T,ORF1a:T3255I,ORF1a:P3395H,ORF1a:I3758V,ORF1b:P314L,ORF1b:I1566V,ORF9b:P10S,S:A67V,S:T95I,S:L212I,S:G339D,S:R346K,S:S371L,S:S373P,S:S375F,S:K417N,S:N440K,S:G446S,S:S477N,S:T478K,S:E484A,S:Q493R,S:G496S,S:Q498R,S:N501Y,S:Y505H,S:T547K,S:D614G,S:H655Y,S:N679K,S:P681H,S:N764K,S:D796Y,S:N856K,S:Q954H,S:N969K,S:L981F"
NC-CORVASEQ-CLT-005993,EPI_ISL_11048878,,27-01-22,11-03-22,28753,BA.1.1,passed_qc,Omicron (BA.1-like),0.997087581,21K (Omicron),good,140,"E:T9I,M:D3G,M:Q19E,M:A63T,N:P13L,N:R203K,N:G204R,ORF1a:K856R,ORF1a:A2710T,ORF1a:T3255I,ORF1a:P3395H,ORF1a:I3758V,ORF1b:P314L,ORF1b:I1566V,ORF9b:P10S,S:A67V,S:T95I,S:L212I,S:G339D,S:R346K,S:S371L,S:S373P,S:S375F,S:K417N,S:N440K,S:G446S,S:S477N,S:T478K,S:E484A,S:Q493R,S:G496S,S:Q498R,S:N501Y,S:Y505H,S:T547K,S:D614G,S:H655Y,S:N679K,S:P681H,S:N764K,S:D796Y,S:N856K,S:Q954H,S:N969K,S:L981F"
NC-CORVASEQ-CLT-005994,EPI_ISL_11048879,,27-01-22,11-03-22,28712,BA.1.1,passed_qc,Omicron (BA.1-like),0.99792143,21K (Omicron),good,136,"E:T9I,M:D3G,M:Q19E,M:A63T,N:P13L,N:R203K,N:G204R,ORF1a:K856R,ORF1a:L2084I,ORF1a:A2710T,ORF1a:T3255I,ORF1a:P3395H,ORF1a:I3758V,ORF1b:P314L,ORF1b:I1566V,ORF9b:P10S,S:A67V,S:T95I,S:L212I,S:G339D,S:R346K,S:S371L,S:S373P,S:S375F,S:K417N,S:N440K,S:G446S,S:S477N,S:T478K,S:E484A,S:Q493R,S:G496S,S:Q498R,S:N501Y,S:Y505H,S:T547K,S:D614G,S:H655Y,S:N679K,S:P681H,S:N764K,S:D796Y,S:N856K,S:Q954H,S:N969K,S:L981F"
NC-CORVASEQ-CLT-005995,EPI_ISL_11048880,,27-01-22,11-03-22,28748,BA.1.1,passed_qc,Omicron (BA.1-like),0.99792143,21K (Omicron),good,136,"E:T9I,M:D3G,M:Q19E,M:A63T,N:P13L,N:R203K,N:G204R,ORF1a:K856R,ORF1a:L2084I,ORF1a:A2710T,ORF1a:T3255I,ORF1a:P3395H,ORF1a:I3758V,ORF1a:I4049V,ORF1b:P314L,ORF1b:I1566V,ORF9b:P10S,S:A67V,S:T95I,S:L212I,S:G339D,S:R346K,S:S371L,S:S373P,S:S375F,S:K417N,S:N440K,S:G446S,S:S477N,S:T478K,S:E484A,S:Q493R,S:G496S,S:Q498R,S:N501Y,S:Y505H,S:T547K,S:D614G,S:H655Y,S:N679K,S:P681H,S:N764K,S:D796Y,S:N856K,S:Q954H,S:N969K,S:L981F"
NC-CORVASEQ-CLT-005996,EPI_ISL_11048881,,27-01-22,11-03-22,28803,BA.1.1,passed_qc,Omicron (BA.1-like),0.99792143,21K (Omicron),good,136,"E:T9I,M:D3G,M:Q19E,M:A63T,N:P13L,N:R203K,N:G204R,ORF1a:K856R,ORF1a:L2084I,ORF1a:A2554V,ORF1a:A2710T,ORF1a:T3255I,ORF1a:P3395H,ORF1a:I3758V,ORF1b:P314L,ORF1b:I1566V,ORF9b:P10S,S:A67V,S:T95I,S:L212I,S:G339D,S:R346K,S:S371L,S:S373P,S:S375F,S:K417N,S:N440K,S:G446S,S:S477N,S:T478K,S:E484A,S:Q493R,S:G496S,S:Q498R,S:N501Y,S:Y505H,S:T547K,S:D614G,S:H655Y,S:N679K,S:P681H,S:N764K,S:D796Y,S:N856K,S:Q954H,S:N969K,S:L981F"
NC-CORVASEQ-CLT-005997,EPI_ISL_11048882,,27-01-22,11-03-22,28787,BA.1.1,passed_qc,Omicron (BA.1-like),0.99792143,21K (Omicron),good,136,"E:T9I,M:D3G,M:Q19E,M:A63T,N:P13L,N:R203K,N:G204R,ORF1a:K856R,ORF1a:G912S,ORF1a:L2084I,ORF1a:A2710T,ORF1a:T3255I,ORF1a:P3395H,ORF1a:I3758V,ORF1b:P314L,ORF1b:I1566V,ORF9b:P10S,S:A67V,S:T95I,S:L212I,S:G339D,S:R346K,S:S371L,S:S373P,S:S375F,S:K417N,S:N440K,S:G446S,S:S477N,S:T478K,S:E484A,S:Q493R,S:G496S,S:Q498R,S:N501Y,S:Y505H,S:T547K,S:D614G,S:H655Y,S:N679K,S:P681H,S:N764K,S:D796Y,S:N856K,S:Q954H,S:N969K,S:L981F"
NC-CORVASEQ-CLT-005998,EPI_ISL_11048883,,27-01-22,11-03-22,28804,BA.1.1,passed_qc,Omicron (BA.1-like),0.99792143,21K (Omicron),good,136,"E:T9I,M:D3G,M:Q19E,M:A63T,N:P13L,N:R203K,N:G204R,ORF1a:A486V,ORF1a:K856R,ORF1a:L2084I,ORF1a:A2710T,ORF1a:T3255I,ORF1a:P3395H,ORF1a:I3758V,ORF1b:P314L,ORF1b:I1566V,ORF9b:P10S,S:A67V,S:T95I,S:L212I,S:G339D,S:R346K,S:S371L,S:S373P,S:S375F,S:K417N,S:N440K,S:G446S,S:S477N,S:T478K,S:E484A,S:Q493R,S:G496S,S:Q498R,S:N501Y,S:Y505H,S:T547K,S:D614G,S:H655Y,S:N679K,S:P681H,S:N764K,S:D796Y,S:N856K,S:Q954H,S:N969K,S:L981F"
NC-CORVASEQ-CLT-005999,EPI_ISL_11048884,,27-01-22,11-03-22,28748,BA.1.1,passed_qc,Omicron (BA.1-like),0.997087581,21K (Omicron),good,140,"E:T9I,M:D3G,M:Q19E,M:A63T,N:P13L,N:R203K,N:G204R,ORF1a:K856R,ORF1a:A2710T,ORF1a:T3255I,ORF1a:P3395H,ORF1a:I3758V,ORF1b:P314L,ORF1b:I1566V,ORF9b:P10S,S:A67V,S:T95I,S:L212I,S:G339D,S:R346K,S:S371L,S:S373P,S:S375F,S:K417N,S:N440K,S:G446S,S:S477N,S:T478K,S:E484A,S:Q493R,S:G496S,S:Q498R,S:N501Y,S:Y505H,S:T547K,S:D614G,S:H655Y,S:N679K,S:P681H,S:N764K,S:D796Y,S:N856K,S:Q954H,S:N969K,S:L981F"
NC-CORVASEQ-CLT-006000,EPI_ISL_11048885,,27-01-22,11-03-22,28748,BA.1.1,passed_qc,Omicron (BA.1-like),0.997087581,21K (Omicron),good,140,"E:T9I,M:D3G,M:Q19E,M:A63T,N:P13L,N:R203K,N:G204R,ORF1a:K856R,ORF1a:P1497S,ORF1a:A2710T,ORF1a:T3255I,ORF1a:P3395H,ORF1a:I3758V,ORF1b:P314L,ORF1b:I1566V,ORF9b:P10S,S:A67V,S:T95I,S:L212I,S:G339D,S:R346K,S:S371L,S:S373P,S:S375F,S:K417N,S:N440K,S:G446S,S:S477N,S:T478K,S:E484A,S:Q493R,S:G496S,S:Q498R,S:N501Y,S:Y505H,S:T547K,S:D614G,S:H655Y,S:N679K,S:P681H,S:N764K,S:D796Y,S:N856K,S:Q954H,S:N969K,S:L981F"
NC-CORVASEQ-CLT-006001,EPI_ISL_11048886,,27-01-22,11-03-22,28803,BA.1.1,passed_qc,Omicron (BA.1-like),0.99792143,21K (Omicron),good,136,"E:T9I,M:D3G,M:Q19E,M:A63T,N:P13L,N:R203K,N:G204R,ORF1a:L580F,ORF1a:T614I,ORF1a:K856R,ORF1a:L2084I,ORF1a:A2710T,ORF1a:T3255I,ORF1a:P3395H,ORF1a:I3758V,ORF1b:P314L,ORF1b:I1566V,ORF9b:P10S,S:A67V,S:T95I,S:L212I,S:G339D,S:R346K,S:S371L,S:S373P,S:S375F,S:K417N,S:N440K,S:G446S,S:S477N,S:T478K,S:E484A,S:Q493R,S:G496S,S:Q498R,S:N501Y,S:Y505H,S:T547K,S:D614G,S:H655Y,S:N679K,S:P681H,S:N764K,S:D796Y,S:N856K,S:Q954H,S:N969K,S:L981F"
NC-CORVASEQ-CLT-006002,EPI_ISL_11048887,,27-01-22,11-03-22,28716,BA.1.1,passed_qc,Omicron (BA.1-like),0.99792143,21K (Omicron),good,136,"E:T9I,M:D3G,M:Q19E,M:A63T,N:P13L,N:R203K,N:G204R,ORF1a:K856R,ORF1a:L2084I,ORF1a:A2710T,ORF1a:T3255I,ORF1a:P3395H,ORF1a:M3616T,ORF1a:I3758V,ORF1b:P314L,ORF1b:I1566V,ORF9b:P10S,S:A67V,S:T95I,S:L212I,S:G339D,S:R346K,S:S371L,S:S373P,S:S375F,S:K417N,S:N440K,S:G446S,S:S477N,S:T478K,S:E484A,S:Q493R,S:G496S,S:Q498R,S:N501Y,S:Y505H,S:T547K,S:D614G,S:H655Y,S:N679K,S:P681H,S:N764K,S:D796Y,S:N856K,S:Q954H,S:N969K,S:L981F"
NC-CORVASEQ-CLT-006003,EPI_ISL_11048888,,27-01-22,11-03-22,28716,BA.1,passed_qc,Omicron (BA.1-like),0.99792143,21K (Omicron),good,136,"E:T9I,M:D3G,M:Q19E,M:A63T,N:P13L,N:R203K,N:G204R,N:D343G,ORF1a:K856R,ORF1a:L2084I,ORF1a:A2710T,ORF1a:T3255I,ORF1a:P3395H,ORF1a:I3758V,ORF1b:P314L,ORF1b:I1566V,ORF3a:L106F,ORF9b:P10S,S:A67V,S:T95I,S:L212I,S:G339D,S:S371L,S:S373P,S:S375F,S:K417N,S:N440K,S:G446S,S:S477N,S:T478K,S:E484A,S:Q493R,S:G496S,S:Q498R,S:N501Y,S:Y505H,S:T547K,S:D614G,S:H655Y,S:N679K,S:P681H,S:N764K,S:D796Y,S:N856K,S:Q954H,S:N969K,S:L981F"
NC-CORVASEQ-CLT-006004,EPI_ISL_11048889,,27-01-22,11-03-22,28704,BA.1,passed_qc,Omicron (BA.1-like),0.99792143,21K (Omicron),good,136,"E:T9I,M:D3G,M:Q19E,M:A63T,N:P13L,N:R203K,N:G204R,N:D343G,ORF1a:K856R,ORF1a:E932K,ORF1a:L2084I,ORF1a:I2231V,ORF1a:A2710T,ORF1a:T3255I,ORF1a:P3395H,ORF1a:L3495F,ORF1a:I3758V,ORF1a:S4119L,ORF1b:P314L,ORF1b:I1566V,ORF3a:L106F,ORF9b:P10S,S:A67V,S:T95I,S:L212I,S:G339D,S:S371L,S:S373P,S:S375F,S:K417N,S:N440K,S:G446S,S:S477N,S:T478K,S:E484A,S:Q493R,S:G496S,S:Q498R,S:N501Y,S:Y505H,S:T547K,S:D614G,S:H655Y,S:N679K,S:P681H,S:N764K,S:D796Y,S:N856K,S:Q954H,S:N969K,S:L981F"
NC-CORVASEQ-CLT-006005,EPI_ISL_11048890,,29-01-22,11-03-22,28715,BA.1.1,passed_qc,Omicron (BA.1-like),0.997087581,21K (Omicron),good,140,"E:T9I,M:D3G,M:Q19E,M:A63T,N:P13L,N:R203K,N:G204R,ORF1a:K856R,ORF1a:A2710T,ORF1a:T3255I,ORF1a:P3395H,ORF1a:I3758V,ORF1b:P314L,ORF1b:I1566V,ORF9b:P10S,S:A67V,S:T95I,S:L212I,S:G339D,S:R346K,S:S371L,S:S373P,S:S375F,S:K417N,S:N440K,S:G446S,S:S477N,S:T478K,S:E484A,S:Q493R,S:G496S,S:Q498R,S:N501Y,S:Y505H,S:T547K,S:D614G,S:H655Y,S:N679K,S:P681H,S:N764K,S:D796Y,S:N856K,S:Q954H,S:N969K,S:L981F"
NC-CORVASEQ-CLT-006006,EPI_ISL_11048891,,31-01-22,11-03-22,28711,BA.1.1,passed_qc,Omicron (BA.1-like),0.99792143,21K (Omicron),good,136,"E:T9I,M:D3G,M:Q19E,M:A63T,N:P13L,N:R203K,N:G204R,ORF1a:K856R,ORF1a:L2084I,ORF1a:A2710T,ORF1a:T3255I,ORF1a:P3395H,ORF1a:I3758V,ORF1b:P314L,ORF1b:I1566V,ORF7a:T39I,ORF9b:P10S,S:A67V,S:T95I,S:L212I,S:G339D,S:R346K,S:S371L,S:S373P,S:S375F,S:K417N,S:N440K,S:G446S,S:S477N,S:T478K,S:E484A,S:Q493R,S:G496S,S:Q498R,S:N501Y,S:Y505H,S:T547K,S:D614G,S:H655Y,S:N679K,S:P681H,S:N764K,S:D796Y,S:N856K,S:Q954H,S:N969K,S:L981F,S:N1134Y"
NC-CORVASEQ-CLT-006007,EPI_ISL_11048892,,31-01-22,11-03-22,28806,BA.1.1,passed_qc,Omicron (BA.1-like),0.99792143,21K (Omicron),good,136,"E:T9I,M:D3G,M:Q19E,M:A63T,N:P13L,N:R203K,N:G204R,ORF1a:K856R,ORF1a:L2084I,ORF1a:A2710T,ORF1a:T3255I,ORF1a:P3395H,ORF1a:I3758V,ORF1b:P314L,ORF1b:I1566V,ORF9b:P10S,S:A67V,S:T95I,S:L212I,S:G339D,S:R346K,S:S371L,S:S373P,S:S375F,S:K417N,S:N440K,S:G446S,S:S477N,S:T478K,S:E484A,S:Q493R,S:G496S,S:Q498R,S:N501Y,S:Y505H,S:T547K,S:D614G,S:H655Y,S:N679K,S:P681H,S:N764K,S:D796Y,S:N856K,S:Q954H,S:N969K,S:L981F"
NC-CORVASEQ-CLT-006008,EPI_ISL_11048893,,31-01-22,11-03-22,28704,BA.1.1,passed_qc,Omicron (BA.1-like),0.99792143,21K (Omicron),good,136,"E:T9I,M:D3G,M:Q19E,M:A63T,N:P13L,N:R203K,N:G204R,ORF1a:K856R,ORF1a:L2084I,ORF1a:A2710T,ORF1a:T3255I,ORF1a:P3395H,ORF1a:I3758V,ORF1b:P314L,ORF1b:I1566V,ORF9b:P10S,S:A67V,S:T95I,S:L212I,S:G339D,S:R346K,S:S371L,S:S373P,S:S375F,S:K417N,S:N440K,S:G446S,S:S477N,S:T478K,S:E484A,S:Q493R,S:G496S,S:Q498R,S:N501Y,S:Y505H,S:T547K,S:D614G,S:H655Y,S:N679K,S:P681H,S:N764K,S:D796Y,S:N856K,S:Q954H,S:N969K,S:L981F"
