Sample #,Source Lab,Test date,Ct N gene,Sequence date,post-ARTIC Qubit (ng/ul),Reads on Barcode,Pango lineage,Scorpio lineage,Scorp Score,Pangolin QC,Nextstrain Clade,Nextstrain QC,Nextstrain Status,Total Missing,AA Substitutions
CORVASEQ-CLT-005920,Mission,03-01-22,20.4,11-03-22,140,330353,BA.1,Omicron (BA.1-like),0.99792143,passed_qc,21K (Omicron),0,good,136,"E:T9I,M:D3G,M:Q19E,M:A63T,N:P13L,N:R203K,N:G204R,ORF1a:K856R,ORF1a:T1822I,ORF1a:L2084I,ORF1a:A2710T,ORF1a:T3255I,ORF1a:P3395H,ORF1a:I3758V,ORF1b:P314L,ORF1b:I1566V,ORF9b:P10S,S:A67V,S:T95I,S:L212I,S:G339D,S:S371L,S:S373P,S:S375F,S:K417N,S:N440K,S:G446S,S:S477N,S:T478K,S:E484A,S:Q493R,S:G496S,S:Q498R,S:N501Y,S:Y505H,S:T547K,S:D614G,S:H655Y,S:N679K,S:P681H,S:N764K,S:D796Y,S:N856K,S:Q954H,S:N969K,S:L981F"
CORVASEQ-CLT-005921,Mission,03-01-22,15,11-03-22,181,363809,BA.1.1,Omicron (BA.1-like),0.99792143,passed_qc,21K (Omicron),0,good,136,"E:T9I,M:D3G,M:Q19E,M:A63T,N:P13L,N:R203K,N:G204R,ORF1a:K856R,ORF1a:L2084I,ORF1a:A2710T,ORF1a:T3255I,ORF1a:P3395H,ORF1a:I3758V,ORF1b:P314L,ORF1b:R1052K,ORF1b:I1566V,ORF9b:P10S,S:A67V,S:T95I,S:L212I,S:G339D,S:R346K,S:S371L,S:S373P,S:S375F,S:K417N,S:N440K,S:G446S,S:S477N,S:T478K,S:E484A,S:Q493R,S:G496S,S:Q498R,S:N501Y,S:Y505H,S:T547K,S:D614G,S:H655Y,S:N679K,S:P681H,S:N764K,S:D796Y,S:N856K,S:Q954H,S:N969K,S:L981F"
CORVASEQ-CLT-005922,Mission,03-01-22,11.2,11-03-22,188,403839,BA.1,Omicron (BA.1-like),0.99792143,passed_qc,21K (Omicron),0,good,136,"E:T9I,M:D3G,M:Q19E,M:A63T,N:P13L,N:P80S,N:R203K,N:G204R,ORF1a:K856R,ORF1a:L2084I,ORF1a:A2710T,ORF1a:T3255I,ORF1a:P3395H,ORF1a:I3758V,ORF1b:P314L,ORF1b:I1566V,ORF9b:P10S,S:A67V,S:T95I,S:L212I,S:G339D,S:S371L,S:S373P,S:S375F,S:K417N,S:N440K,S:G446S,S:S477N,S:T478K,S:E484A,S:Q493R,S:G496S,S:Q498R,S:N501Y,S:Y505H,S:T547K,S:D614G,S:H655Y,S:N679K,S:P681H,S:N764K,S:D796Y,S:N856K,S:Q954H,S:N969K,S:L981F"
CORVASEQ-CLT-005923,Mission,03-01-22,17.1,11-03-22,184,425809,AY.25,Delta (B.1.617.2-like),1,passed_qc,21J (Delta),0,good,126,"M:I82T,N:D63G,N:R203M,N:G215C,N:D377Y,ORF1a:A1306S,ORF1a:P2046L,ORF1a:P2287S,ORF1a:I2307M,ORF1a:V2930L,ORF1a:T3255I,ORF1a:I3619V,ORF1a:T3646A,ORF1b:P314L,ORF1b:G662S,ORF1b:P1000L,ORF1b:P1851S,ORF1b:A1918V,ORF1b:G2180V,ORF3a:S26L,ORF3a:E239Q,ORF7a:V82A,ORF7a:T120I,ORF7b:T40I,ORF9b:T60A,S:T19R,S:S112L,S:G142D,S:R158G,S:L452R,S:T478K,S:D614G,S:P681R,S:D950N"
CORVASEQ-CLT-005924,Mission,03-01-22,10.2,11-03-22,192,480639,BA.1,Omicron (BA.1-like),0.99792143,passed_qc,21K (Omicron),0,good,136,"E:T9I,M:D3G,M:Q19E,M:A63T,N:P13L,N:R203K,N:G204R,N:D343G,ORF1a:K856R,ORF1a:L2084I,ORF1a:A2710T,ORF1a:T3255I,ORF1a:P3395H,ORF1a:I3758V,ORF1b:P314L,ORF1b:I1566V,ORF3a:L106F,ORF9b:P10S,S:A67V,S:T95I,S:L212I,S:G339D,S:S371L,S:S373P,S:S375F,S:K417N,S:N440K,S:G446S,S:S477N,S:T478K,S:E484A,S:Q493R,S:G496S,S:Q498R,S:N501Y,S:Y505H,S:T547K,S:D614G,S:H655Y,S:N679K,S:P681H,S:N764K,S:D796Y,S:N856K,S:Q954H,S:N969K,S:L981F"
CORVASEQ-CLT-005925,Mission,03-01-22,22.4,11-03-22,82.8,115772,BA.1.1,Omicron (BA.1-like),0.997087581,passed_qc,21K (Omicron),0,good,140,"E:T9I,M:D3G,M:Q19E,M:A63T,N:P13L,N:R203K,N:G204R,ORF1a:K856R,ORF1a:A2710T,ORF1a:T3255I,ORF1a:P3395H,ORF1a:I3758V,ORF1b:P314L,ORF1b:I1566V,ORF9b:P10S,S:A67V,S:T95I,S:L212I,S:G339D,S:R346K,S:S371L,S:S373P,S:S375F,S:K417N,S:N440K,S:G446S,S:S477N,S:T478K,S:E484A,S:Q493R,S:G496S,S:Q498R,S:N501Y,S:Y505H,S:T547K,S:D614G,S:H655Y,S:N679K,S:P681H,S:N764K,S:D796Y,S:N856K,S:Q954H,S:N969K,S:L981F"
CORVASEQ-CLT-005926,Mission,03-01-22,16.5,11-03-22,183,384315,BA.1.1,Omicron (BA.1-like),0.99792143,passed_qc,21K (Omicron),0,good,136,"E:T9I,M:D3G,M:Q19E,M:A63T,N:P13L,N:R203K,N:G204R,N:A252G,ORF1a:E726K,ORF1a:K856R,ORF1a:L2084I,ORF1a:A2710T,ORF1a:T3255I,ORF1a:P3395H,ORF1a:I3758V,ORF1b:P314L,ORF1b:I1566V,ORF9b:P10S,S:A67V,S:T95I,S:L212I,S:G339D,S:R346K,S:S371L,S:S373P,S:S375F,S:K417N,S:N440K,S:G446S,S:S477N,S:T478K,S:E484A,S:Q493R,S:G496S,S:Q498R,S:N501Y,S:Y505H,S:T547K,S:D614G,S:H655Y,S:N679K,S:P681H,S:N764K,S:D796Y,S:N856K,S:Q954H,S:N969K,S:L981F"
CORVASEQ-CLT-005927,Mission,03-01-22,22.8,11-03-22,160,266622,AY.25,Delta (B.1.617.2-like),1,passed_qc,21J (Delta),0,good,126,"M:I82T,N:D63G,N:R203M,N:G215C,N:D377Y,ORF1a:A1306S,ORF1a:P2046L,ORF1a:P2287S,ORF1a:I2307M,ORF1a:V2930L,ORF1a:T3255I,ORF1a:I3619V,ORF1a:T3646A,ORF1b:P314L,ORF1b:G662S,ORF1b:P1000L,ORF1b:P1851S,ORF1b:A1918V,ORF1b:G2180V,ORF3a:S26L,ORF3a:E239Q,ORF7a:V82A,ORF7a:T120I,ORF7b:T40I,ORF9b:T60A,S:T19R,S:S112L,S:G142D,S:R158G,S:L452R,S:T478K,S:D614G,S:P681R,S:D950N"
CORVASEQ-CLT-005928,Mission,03-01-22,12.4,11-03-22,185,565569,BA.1,Omicron (BA.1-like),0.99792143,passed_qc,21K (Omicron),0,good,136,"E:T9I,M:D3G,M:Q19E,M:A63T,N:P13L,N:R203K,N:G204R,N:D343G,ORF1a:K856R,ORF1a:L2084I,ORF1a:A2710T,ORF1a:T3255I,ORF1a:P3395H,ORF1a:I3758V,ORF1b:P314L,ORF1b:I1566V,ORF3a:L106F,ORF9b:P10S,S:A67V,S:T95I,S:L212I,S:G339D,S:S371L,S:S373P,S:S375F,S:K417N,S:N440K,S:G446N,S:S477N,S:T478K,S:E484A,S:Q493R,S:G496S,S:Q498R,S:N501Y,S:Y505H,S:T547K,S:D614G,S:H655Y,S:N679K,S:P681H,S:N764K,S:D796Y,S:N856K,S:Q954H,S:N969K,S:L981F"
CORVASEQ-CLT-005929,Mission,03-01-22,20,11-03-22,164,313827,BA.1,Omicron (BA.1-like),0.99792143,passed_qc,21K (Omicron),0,good,136,"E:T9I,M:D3G,M:Q19E,M:A63T,N:P13L,N:R203K,N:G204R,N:D343G,ORF1a:K856R,ORF1a:L2084I,ORF1a:A2710T,ORF1a:T3255I,ORF1a:P3395H,ORF1a:I3758V,ORF1b:P314L,ORF1b:I1566V,ORF3a:L106F,ORF9b:P10S,S:A67V,S:T95I,S:L212I,S:G339D,S:S371L,S:S373P,S:S375F,S:K417N,S:N440K,S:G446S,S:S477N,S:T478K,S:E484A,S:Q493R,S:G496S,S:Q498R,S:N501Y,S:Y505H,S:T547K,S:D614G,S:H655Y,S:N679K,S:P681H,S:N764K,S:D796Y,S:N856K,S:Q954H,S:N969K,S:L981F"
CORVASEQ-CLT-005930,Mission,03-01-22,13.7,11-03-22,204,416850,B.1.617.2,Delta (B.1.617.2-like),1,passed_qc,21J (Delta),8.506944,good,126,"M:I82T,N:D63G,N:R203M,N:G215C,N:D377Y,N:A414S,ORF1a:M789I,ORF1a:A1306S,ORF1a:P2046L,ORF1a:P2287S,ORF1a:V2930L,ORF1a:T3255I,ORF1a:T3646A,ORF1b:K94R,ORF1b:P314L,ORF1b:G662S,ORF1b:P1000L,ORF1b:H1087Y,ORF1b:A1918V,ORF3a:S26L,ORF7a:V82A,ORF7a:T120I,ORF7b:T40I,ORF9b:T60A,S:T19R,S:T95I,S:G142D,S:R158G,S:L452R,S:T478K,S:D614G,S:P681R,S:D950N"
CORVASEQ-CLT-005931,Mission,03-01-22,17.5,11-03-22,170,432738,BA.1,Omicron (BA.1-like),0.99792143,passed_qc,21K (Omicron),0,good,136,"E:T9I,M:D3G,M:Q19E,M:A63T,N:P13L,N:R203K,N:G204R,N:D343G,ORF1a:K856R,ORF1a:S1587L,ORF1a:L2084I,ORF1a:A2710T,ORF1a:T3255I,ORF1a:P3395H,ORF1a:I3758V,ORF1b:P314L,ORF1b:I1566V,ORF3a:L106F,ORF9b:P10S,S:A67V,S:T95I,S:L212I,S:G339D,S:S371L,S:S373P,S:S375F,S:K417N,S:N440K,S:G446S,S:S477N,S:T478K,S:E484A,S:Q493R,S:G496S,S:Q498R,S:N501Y,S:Y505H,S:T547K,S:D614G,S:H655Y,S:N679K,S:P681H,S:N764K,S:D796Y,S:N856K,S:Q954H,S:N969K,S:L981F"
CORVASEQ-CLT-005932,Mission,03-01-22,15.6,11-03-22,181,348709,BA.1.1,Omicron (BA.1-like),0.99792143,passed_qc,21K (Omicron),0,good,136,"E:T9I,M:D3G,M:Q19E,M:A63T,N:P13L,N:R203K,N:G204R,ORF1a:K856R,ORF1a:L2084I,ORF1a:A2710T,ORF1a:T3255I,ORF1a:P3395H,ORF1a:I3758V,ORF1b:I235M,ORF1b:P314L,ORF1b:I1566V,ORF9b:P10S,S:A67V,S:T95I,S:L212I,S:G339D,S:R346K,S:S371L,S:S373P,S:S375F,S:K417N,S:N440K,S:G446S,S:S477N,S:T478K,S:E484A,S:Q493R,S:G496S,S:Q498R,S:N501Y,S:Y505H,S:T547K,S:D614G,S:H655Y,S:N679K,S:P681H,S:N764K,S:D796Y,S:N856K,S:Q954H,S:N969K,S:L981F"
CORVASEQ-CLT-005933,Mission,03-01-22,11,11-03-22,173,253724,AY.43,Delta (B.1.617.2-like),1,passed_qc,21J (Delta),0.694444,good,126,"M:I82T,N:Q9L,N:D63G,N:R203M,N:G215C,N:D377Y,ORF1a:Q1021H,ORF1a:A1306S,ORF1a:P2046L,ORF1a:P2287S,ORF1a:V2930L,ORF1a:T3255I,ORF1a:T3646A,ORF1b:V165I,ORF1b:P314L,ORF1b:G662S,ORF1b:L829I,ORF1b:P1000L,ORF1b:Q1546H,ORF1b:A1918V,ORF3a:S26L,ORF7a:T28I,ORF7a:V82A,ORF7a:E91D,ORF7a:T120I,ORF7b:T40I,ORF9b:S6C,ORF9b:T60A,S:T19R,S:G142D,S:R158G,S:L452R,S:T478K,S:D614G,S:P681R,S:D950N"
CORVASEQ-CLT-005934,Mission,03-01-22,13.9,11-03-22,179,296020,BA.1.1,Omicron (BA.1-like),0.997087581,passed_qc,21K (Omicron),0,good,140,"E:T9I,M:D3G,M:Q19E,M:A63T,M:R158H,N:P13L,N:R203K,N:G204R,ORF1a:K856R,ORF1a:A2710T,ORF1a:T3255I,ORF1a:P3395H,ORF1a:I3758V,ORF1b:P314L,ORF1b:I1566V,ORF9b:P10S,S:A67V,S:T95I,S:L212I,S:G339D,S:R346K,S:S371L,S:S373P,S:S375F,S:K417N,S:N440K,S:G446S,S:S477N,S:T478K,S:E484A,S:Q493R,S:G496S,S:Q498R,S:N501Y,S:Y505H,S:T547K,S:D614G,S:H655Y,S:N679K,S:P681H,S:N764K,S:D796Y,S:N856K,S:Q954H,S:N969K,S:L981F"
CORVASEQ-CLT-005935,Mission,03-01-22,20.4,11-03-22,179,374110,AY.103,Delta (B.1.617.2-like),1,passed_qc,21J (Delta),6.25,good,126,"M:I82T,N:D63G,N:R203M,N:A208S,N:G215C,N:D377Y,ORF1a:A535S,ORF1a:V1143F,ORF1a:A1306S,ORF1a:P2046L,ORF1a:P2287S,ORF1a:V2930L,ORF1a:T3255I,ORF1a:T3646A,ORF1b:P314L,ORF1b:G662S,ORF1b:P1000L,ORF1b:I1257V,ORF1b:A1918V,ORF3a:S26L,ORF3a:P104S,ORF6:I33T,ORF7a:V82A,ORF7a:T120I,ORF7b:T40I,ORF9b:T60A,S:T19R,S:T29I,S:G142D,S:R158G,S:L452R,S:T478K,S:D614G,S:P681R,S:D950N"
CORVASEQ-CLT-005936,Mission,04-01-22,13,11-03-22,182,337113,BA.1.1,Omicron (BA.1-like),0.99792143,passed_qc,21K (Omicron),0,good,136,"E:T9I,M:D3G,M:Q19E,M:A63T,N:P13L,N:R203K,N:G204R,ORF1a:K856R,ORF1a:L2084I,ORF1a:A2710T,ORF1a:T3255I,ORF1a:P3395H,ORF1a:I3758V,ORF1b:P314L,ORF1b:I1566V,ORF1b:L2424I,ORF9b:P10S,S:A67V,S:T95I,S:L212I,S:G339D,S:R346K,S:S371L,S:S373P,S:S375F,S:K417N,S:N440K,S:G446S,S:S477N,S:T478K,S:E484A,S:Q493R,S:G496S,S:Q498R,S:N501Y,S:Y505H,S:T547K,S:D614G,S:H655Y,S:N679K,S:P681H,S:N764K,S:D796Y,S:A845V,S:N856K,S:Q954H,S:N969K,S:L981F"
CORVASEQ-CLT-005937,Mission,04-01-22,11.3,11-03-22,193,425383,BA.1,Omicron (BA.1-like),0.99792143,passed_qc,21K (Omicron),0,good,136,"E:T9I,M:D3G,M:Q19E,M:A63T,N:P13L,N:R203K,N:G204R,N:D343G,ORF1a:K856R,ORF1a:L2084I,ORF1a:A2710T,ORF1a:T3255I,ORF1a:P3395H,ORF1a:I3758V,ORF1b:P314L,ORF1b:I1566V,ORF3a:L106F,ORF9b:P10S,S:A67V,S:T95I,S:L212I,S:G339D,S:S371L,S:S373P,S:S375F,S:K417N,S:N440K,S:G446S,S:S477N,S:T478K,S:E484A,S:Q493R,S:G496S,S:Q498R,S:N501Y,S:Y505H,S:T547K,S:D614G,S:H655Y,S:N679K,S:P681H,S:N764K,S:D796Y,S:N856K,S:Q954H,S:N969K,S:L981F"
CORVASEQ-CLT-005938,Mission,04-01-22,14.8,11-03-22,147,340931,BA.1,Omicron (BA.1-like),0.99792143,passed_qc,21K (Omicron),0,good,136,"E:T9I,M:D3G,M:Q19E,M:A63T,N:P13L,N:R203K,N:G204R,ORF1a:K856R,ORF1a:L2084I,ORF1a:A2460V,ORF1a:A2710T,ORF1a:T3255I,ORF1a:P3395H,ORF1a:I3758V,ORF1b:P314L,ORF1b:I1566V,ORF9b:P10S,S:A67V,S:T95I,S:L212I,S:G339D,S:S371L,S:S373P,S:S375F,S:K417N,S:N440K,S:G446S,S:S477N,S:T478K,S:E484A,S:Q493R,S:G496S,S:Q498R,S:N501Y,S:Y505H,S:T547K,S:D614G,S:H655Y,S:N679K,S:P681H,S:N764K,S:D796Y,S:N856K,S:Q954H,S:N969K,S:L981F"
CORVASEQ-CLT-005939,Mission,04-01-22,12.5,11-03-22,157,458385,BA.1.1,Omicron (BA.1-like),0.99792143,passed_qc,21K (Omicron),0,good,136,"E:T9I,M:D3G,M:Q19E,M:A63T,N:P13L,N:R203K,N:G204R,ORF1a:K856R,ORF1a:L2084I,ORF1a:A2710T,ORF1a:T3255I,ORF1a:P3395H,ORF1a:I3758V,ORF1b:P314L,ORF1b:I1566V,ORF9b:P10S,S:A67V,S:T95I,S:L212I,S:G339D,S:R346K,S:S371L,S:S373P,S:S375F,S:K417N,S:N440K,S:G446S,S:S477N,S:T478K,S:E484A,S:Q493R,S:G496S,S:Q498R,S:N501Y,S:Y505H,S:T547K,S:D614G,S:H655Y,S:N679K,S:P681H,S:N764K,S:D796Y,S:N856K,S:Q954H,S:N969K,S:L981F"
CORVASEQ-CLT-005940,Mission,04-01-22,19.9,11-03-22,178,361859,BA.1.1,Omicron (BA.1-like),0.99792143,passed_qc,21K (Omicron),0,good,136,"E:T9I,M:D3G,M:Q19E,M:A63T,N:P13L,N:R203K,N:G204R,ORF1a:K856R,ORF1a:L2084I,ORF1a:A2710T,ORF1a:T3255I,ORF1a:P3395H,ORF1a:I3758V,ORF1b:P314L,ORF1b:I1566V,ORF9b:P10S,S:A67V,S:T95I,S:L212I,S:G339D,S:R346K,S:S371L,S:S373P,S:S375F,S:K417N,S:N440K,S:G446S,S:S477N,S:T478K,S:E484A,S:Q493R,S:G496S,S:Q498R,S:N501Y,S:Y505H,S:T547K,S:D614G,S:H655Y,S:N679K,S:P681H,S:N764K,S:D796Y,S:N856K,S:Q954H,S:N969K,S:L981F"
CORVASEQ-CLT-005941,Mission,04-01-22,22.6,11-03-22,147,278650,BA.1,Omicron (BA.1-like),0.99792143,passed_qc,21K (Omicron),0,good,136,"E:T9I,M:D3G,M:Q19E,M:A63T,N:P13L,N:R203K,N:G204R,ORF1a:K856R,ORF1a:L2084I,ORF1a:A2710T,ORF1a:T3255I,ORF1a:P3395H,ORF1a:I3758V,ORF1b:P314L,ORF1b:I1566V,ORF9b:P10S,S:A67V,S:T95I,S:L212I,S:G339D,S:S371L,S:S373P,S:S375F,S:K417N,S:N440K,S:G446S,S:S477N,S:T478K,S:E484A,S:Q493R,S:G496S,S:Q498R,S:N501Y,S:Y505H,S:T547K,S:D614G,S:H655Y,S:N679K,S:P681H,S:N764K,S:D796Y,S:N856K,S:Q954H,S:N969K,S:L981F"
CORVASEQ-CLT-005942,Mission,05-01-22,15.2,11-03-22,171,501524,AY.103,Delta (B.1.617.2-like),1,passed_qc,21J (Delta),0.173611,good,126,"M:I82T,N:D63G,N:R203M,N:G215C,N:D377Y,ORF1a:A1306S,ORF1a:P2046L,ORF1a:P2287S,ORF1a:V2930L,ORF1a:T3255I,ORF1a:T3646A,ORF1b:P314L,ORF1b:G662S,ORF1b:P1000L,ORF1b:I1257V,ORF1b:A1918V,ORF3a:S26L,ORF3a:A54V,ORF7a:V82A,ORF7a:T120I,ORF7b:T40I,ORF8:W45C,ORF9b:T60A,S:T19R,S:G142D,S:R158G,S:L452R,S:T478K,S:D614G,S:P681R,S:D950N"
CORVASEQ-CLT-005943,Mission,05-01-22,11.5,11-03-22,188,349097,BA.1,Omicron (BA.1-like),0.99792143,passed_qc,21K (Omicron),0,good,136,"E:T9I,M:D3G,M:Q19E,M:A63T,N:P13L,N:R203K,N:G204R,ORF1a:K856R,ORF1a:L2084I,ORF1a:A2710T,ORF1a:T3255I,ORF1a:P3395H,ORF1a:I3758V,ORF1b:P314L,ORF1b:I1566V,ORF9b:P10S,S:A67V,S:T95I,S:L212I,S:G339D,S:S371L,S:S373P,S:S375F,S:K417N,S:N440K,S:G446S,S:S477N,S:T478K,S:E484A,S:Q493R,S:G496S,S:Q498R,S:N501Y,S:Y505H,S:T547K,S:D614G,S:H655Y,S:N679K,S:P681H,S:N764K,S:D796Y,S:N856K,S:Q954H,S:N969K,S:L981F"
CORVASEQ-CLT-005944,Mission,05-01-22,11.1,11-03-22,191,547536,BA.1,Omicron (BA.1-like),0.99792143,passed_qc,21K (Omicron),0,good,136,"E:T9I,M:D3G,M:Q19E,M:A63T,N:P13L,N:R203K,N:G204R,N:D343G,ORF1a:K856R,ORF1a:L2084I,ORF1a:A2710T,ORF1a:T3255I,ORF1a:P3395H,ORF1a:I3758V,ORF1b:P314L,ORF1b:I1566V,ORF3a:L106F,ORF3a:S165F,ORF9b:P10S,S:A67V,S:T95I,S:L212I,S:G339D,S:S371L,S:S373P,S:S375F,S:K417N,S:N440K,S:G446S,S:S477N,S:T478K,S:E484A,S:Q493R,S:G496S,S:Q498R,S:N501Y,S:Y505H,S:T547K,S:D614G,S:H655Y,S:N679K,S:P681H,S:N764K,S:D796Y,S:N856K,S:Q954H,S:N969K,S:L981F"
CORVASEQ-CLT-005945,Mission,05-01-22,14.8,11-03-22,191,360198,BA.1.1,Omicron (BA.1-like),0.997087581,passed_qc,21K (Omicron),0,good,140,"E:T9I,M:D3G,M:Q19E,M:A63T,N:P13L,N:R203K,N:G204R,ORF1a:K856R,ORF1a:A2710T,ORF1a:T3255I,ORF1a:P3395H,ORF1a:I3758V,ORF1b:P314L,ORF1b:I1566V,ORF7a:C58F,ORF9b:P10S,S:A67V,S:T95I,S:L212I,S:G339D,S:R346K,S:S371L,S:S373P,S:S375F,S:K417N,S:N440K,S:G446S,S:S477N,S:T478K,S:E484A,S:Q493R,S:G496S,S:Q498R,S:N501Y,S:Y505H,S:T547K,S:D614G,S:H655Y,S:N679K,S:P681H,S:N764K,S:D796Y,S:N856K,S:Q954H,S:N969K,S:L981F"
CORVASEQ-CLT-005946,Mission,05-01-22,12.1,11-03-22,197,504860,BA.1.1,Omicron (BA.1-like),0.99792143,passed_qc,21K (Omicron),0,good,136,"E:T9I,M:D3G,M:Q19E,M:A63T,N:P13L,N:R203K,N:G204R,ORF1a:K856R,ORF1a:L2084I,ORF1a:A2710T,ORF1a:T3255I,ORF1a:P3395H,ORF1a:I3758V,ORF1b:I235M,ORF1b:P314L,ORF1b:A1377V,ORF1b:I1566V,ORF9b:P10S,S:A67V,S:T95I,S:L212I,S:G339D,S:R346K,S:S371L,S:S373P,S:S375F,S:K417N,S:N440K,S:G446S,S:S477N,S:T478K,S:E484A,S:Q493R,S:G496S,S:Q498R,S:N501Y,S:Y505H,S:T547K,S:D614G,S:H655Y,S:N679K,S:P681H,S:N764K,S:D796Y,S:N856K,S:Q954H,S:N969K,S:L981F"
CORVASEQ-CLT-005947,Mission,05-01-22,22.6,11-03-22,138,232766,BA.1.1,Omicron (BA.1-like),0.997087581,passed_qc,21K (Omicron),0,good,140,"E:T9I,M:D3G,M:Q19E,M:A63T,N:P13L,N:R203K,N:G204R,ORF1a:K856R,ORF1a:A2710T,ORF1a:T3255I,ORF1a:P3395H,ORF1a:I3758V,ORF1b:P314L,ORF1b:I1566V,ORF9b:P10S,S:A67V,S:T95I,S:L212I,S:G339D,S:R346K,S:S371L,S:S373P,S:S375F,S:K417N,S:N440K,S:G446S,S:S477N,S:T478K,S:E484A,S:Q493R,S:G496S,S:Q498R,S:N501Y,S:Y505H,S:T547K,S:D614G,S:H655Y,S:N679K,S:P681H,S:N764K,S:D796Y,S:N856K,S:Q954H,S:N969K,S:L981F"
CORVASEQ-CLT-005948,Mission,05-01-22,13.6,11-03-22,168,215427,BA.1,Omicron (BA.1-like),0.99792143,passed_qc,21K (Omicron),0,good,136,"E:T9I,M:D3G,M:Q19E,M:A63T,N:P13L,N:R203K,N:G204R,ORF1a:K856R,ORF1a:L2084I,ORF1a:A2710T,ORF1a:T3255I,ORF1a:P3395H,ORF1a:I3758V,ORF1b:P314L,ORF1b:I1566V,ORF9b:P10S,S:A67V,S:T95I,S:L212I,S:G339D,S:S371L,S:S373P,S:S375F,S:K417N,S:N440K,S:G446S,S:S477N,S:T478K,S:E484A,S:Q493R,S:G496S,S:Q498R,S:N501Y,S:Y505H,S:T547K,S:D614G,S:H655Y,S:N679K,S:P681H,S:N764K,S:D796Y,S:N856K,S:Q954H,S:N969K,S:L981F"
CORVASEQ-CLT-005949,Mission,06-01-22,24.2,11-03-22,78.6,155915,BA.1.1,Omicron (BA.1-like),0.99792143,passed_qc,21K (Omicron),0,good,136,"E:T9I,M:D3G,M:Q19E,M:A63T,N:P13L,N:R203K,N:G204R,ORF1a:K856R,ORF1a:L2084I,ORF1a:A2554V,ORF1a:A2710T,ORF1a:T3255I,ORF1a:P3395H,ORF1a:I3758V,ORF1b:P314L,ORF1b:T794I,ORF1b:I1566V,ORF9b:P10S,S:A67V,S:T95I,S:L212I,S:G339D,S:R346K,S:S371L,S:S373P,S:S375F,S:K417N,S:N440K,S:G446S,S:S477N,S:T478K,S:E484A,S:Q493R,S:G496S,S:Q498R,S:N501Y,S:Y505H,S:T547K,S:D614G,S:H655Y,S:N679K,S:P681H,S:N764K,S:D796Y,S:N856K,S:Q954H,S:N969K,S:L981F,S:P1162S"
CORVASEQ-CLT-005950,Mission,06-01-22,23.9,11-03-22,112,177204,BA.1,Omicron (BA.1-like),0.99792143,passed_qc,21K (Omicron),0,good,136,"E:T9I,M:D3G,M:Q19E,M:A63T,N:P13L,N:R203K,N:G204R,N:D343G,ORF1a:K856R,ORF1a:L2084I,ORF1a:A2710T,ORF1a:T3255I,ORF1a:P3395H,ORF1a:I3758V,ORF1b:P314L,ORF1b:I1566V,ORF3a:L106F,ORF9b:P10S,S:A67V,S:T95I,S:L212I,S:G339D,S:S371L,S:S373P,S:S375F,S:K417N,S:N440K,S:G446S,S:S477N,S:T478K,S:E484A,S:Q493R,S:G496S,S:Q498R,S:N501Y,S:Y505H,S:T547K,S:D614G,S:H655Y,S:N679K,S:P681H,S:N764K,S:D796Y,S:N856K,S:Q954H,S:N969K,S:L981F"
CORVASEQ-CLT-005951,Mission,06-01-22,18.4,11-03-22,46.4,153718,BA.1,Omicron (BA.1-like),0.979034307,passed_qc,21K (Omicron),104.441166,bad,869,"E:T9I,M:D3G,M:Q19E,M:A63T,N:P13L,N:R203K,N:G204R,N:D343G,ORF1a:K856R,ORF1a:K1305R,ORF1a:A2710T,ORF1a:T3255I,ORF1a:P3395H,ORF1a:I3758V,ORF1b:P314L,ORF1b:I1566V,ORF3a:L106F,ORF9b:P10S,S:T95I,S:Y145D,S:L212I,S:G339D,S:S371L,S:S373P,S:S375F,S:L452R,S:S477N,S:T478K,S:E484A,S:Q493R,S:G496S,S:Q498R,S:N501Y,S:Y505H,S:T547K,S:D614G,S:H655Y,S:N679K,S:P681H,S:N764K,S:D796Y,S:N856K,S:Q954H,S:N969K,S:L981F"
CORVASEQ-CLT-005952,Mission,06-01-22,22.5,11-03-22,56.4,227112,BA.1.1,Omicron (BA.1-like),1,passed_qc,21K (Omicron),14.0625,good,126,"E:T9I,M:A2S,M:D3G,M:Q19E,M:A63T,N:P13L,N:R203K,N:G204R,ORF1a:K856R,ORF1a:L2084I,ORF1a:A2554V,ORF1a:A2710T,ORF1a:T3255I,ORF1a:P3395H,ORF1a:I3758V,ORF1b:P314L,ORF1b:I1566V,ORF9b:P10S,S:A67V,S:T95I,S:L212I,S:G339D,S:R346K,S:S371L,S:S373P,S:S375F,S:K417N,S:S477N,S:T478K,S:E484A,S:Q493R,S:G496S,S:Q498R,S:N501Y,S:Y505H,S:T547K,S:D614G,S:H655Y,S:N679K,S:P681H,S:N764K,S:D796Y,S:N856K,S:Q954H,S:N969K,S:L981F"
CORVASEQ-CLT-005953,Mission,06-01-22,26.1,11-03-22,157,327462,BA.1.1,Omicron (BA.1-like),0.99792143,passed_qc,21K (Omicron),0,good,136,"E:T9I,M:D3G,M:Q19E,M:A63T,N:P13L,N:R203K,N:G204R,ORF1a:K856R,ORF1a:L2084I,ORF1a:A2710T,ORF1a:T3255I,ORF1a:P3395H,ORF1a:I3758V,ORF1b:P314L,ORF1b:I1566V,ORF9b:P10S,S:A67V,S:T95I,S:L212I,S:G339D,S:R346K,S:S371L,S:S373P,S:S375F,S:K417N,S:N440K,S:G446S,S:S477N,S:T478K,S:E484A,S:Q493R,S:G496S,S:Q498R,S:N501Y,S:Y505H,S:T547K,S:D614G,S:H655Y,S:N679K,S:P681H,S:N764K,S:D796Y,S:N856K,S:Q954H,S:N969K,S:L981F"
CORVASEQ-CLT-005954,Mission,06-01-22,25.4,11-03-22,185,374943,BA.1.1,Omicron (BA.1-like),0.99792143,passed_qc,21K (Omicron),0,good,136,"E:T9I,M:D3G,M:Q19E,M:A63T,N:P13L,N:R203K,N:G204R,ORF1a:K856R,ORF1a:L2084I,ORF1a:A2710T,ORF1a:T3255I,ORF1a:P3395H,ORF1a:I3758V,ORF1b:P314L,ORF1b:I1566V,ORF9b:P10S,S:A67V,S:T95I,S:L212I,S:G339D,S:R346K,S:S371L,S:S373P,S:S375F,S:K417N,S:N440K,S:G446S,S:S477N,S:T478K,S:E484A,S:Q493R,S:G496S,S:Q498R,S:N501Y,S:Y505H,S:T547K,S:D614G,S:H655Y,S:N679K,S:P681H,S:N764K,S:D796Y,S:N856K,S:Q954H,S:N969K,S:L981F"
CORVASEQ-CLT-005955,Mission,06-01-22,21.5,11-03-22,184,341358,BA.1.1,Omicron (BA.1-like),0.997087581,passed_qc,21K (Omicron),0,good,140,"E:T9I,M:D3G,M:Q19E,M:A63T,N:P13L,N:R203K,N:G204R,ORF1a:K856R,ORF1a:A2710T,ORF1a:T3255I,ORF1a:P3395H,ORF1a:I3758V,ORF1b:P314L,ORF1b:I1566V,ORF1b:I2550V,ORF9b:P10S,S:A67V,S:T95I,S:L212I,S:G339D,S:R346K,S:S371L,S:S373P,S:S375F,S:K417N,S:N440K,S:G446S,S:S477N,S:T478K,S:E484A,S:Q493R,S:G496S,S:Q498R,S:N501Y,S:Y505H,S:T547K,S:D614G,S:H655Y,S:N679K,S:P681H,S:N764K,S:D796Y,S:N856K,S:Q954H,S:N969K,S:L981F"
CORVASEQ-CLT-005956,Mission,06-01-22,20.7,11-03-22,176,372995,BA.1,Omicron (BA.1-like),0.99792143,passed_qc,21K (Omicron),0,good,136,"E:T9I,M:D3G,M:Q19E,M:A63T,N:P13L,N:P67S,N:R203K,N:G204R,ORF1a:K856R,ORF1a:L2084I,ORF1a:A2710T,ORF1a:T3255I,ORF1a:P3395H,ORF1a:I3758V,ORF1b:P314L,ORF1b:I1566V,ORF1b:S1898Y,ORF9b:P10S,S:A67V,S:T95I,S:L212I,S:G339D,S:S371L,S:S373P,S:S375F,S:K417N,S:N440K,S:G446S,S:S477N,S:T478K,S:E484A,S:Q493R,S:G496S,S:Q498R,S:N501Y,S:Y505H,S:T547K,S:D614G,S:H655Y,S:N679K,S:P681H,S:N764K,S:D796Y,S:N856K,S:Q954H,S:N969K,S:L981F"
CORVASEQ-CLT-005957,Mission,06-01-22,21.1,11-03-22,37.2,158482,BA.1,Omicron (BA.1-like),0.991633549,passed_qc,21K (Omicron),0.051043,good,361,"E:T9I,M:D3G,M:Q19E,M:A63T,N:P13L,N:R203K,N:G204R,ORF1a:K856R,ORF1a:A2710T,ORF1a:T3255I,ORF1a:P3395H,ORF1a:I3758V,ORF1b:P314L,ORF1b:I1566V,ORF9b:P10S,S:A67V,S:T95I,S:L212I,S:G339D,S:S371L,S:S373P,S:S375F,S:K417N,S:N440K,S:G446S,S:S477N,S:T478K,S:E484A,S:Q493R,S:G496S,S:Q498R,S:N501Y,S:Y505H,S:T547K,S:D614G,S:H655Y,S:N679K,S:P681H,S:N764K,S:D796Y,S:N856K,S:Q954H,S:N969K,S:L981F"
CORVASEQ-CLT-005958,Mission,06-01-22,23.8,11-03-22,150,364722,BA.1,Omicron (BA.1-like),0.99792143,passed_qc,21K (Omicron),0,good,136,"E:T9I,M:D3G,M:Q19E,M:A63T,N:P13L,N:R203K,N:G204R,N:D343G,ORF1a:K856R,ORF1a:L2084I,ORF1a:A2710T,ORF1a:T3255I,ORF1a:P3395H,ORF1a:I3758V,ORF1b:P314L,ORF1b:A576V,ORF1b:I1566V,ORF3a:L106F,ORF9b:P10S,S:A67V,S:T95I,S:L212I,S:G339D,S:S371L,S:S373P,S:S375F,S:K417N,S:N440K,S:G446S,S:S477N,S:T478K,S:E484A,S:Q493R,S:G496S,S:Q498R,S:N501Y,S:Y505H,S:T547K,S:D614G,S:H655Y,S:N679K,S:P681H,S:N764K,S:D796Y,S:N856K,S:Q954H,S:N969K,S:L981F"
CORVASEQ-CLT-005959,Mission,06-01-22,22.8,11-03-22,185,324243,BA.1.1,Omicron (BA.1-like),0.99792143,passed_qc,21K (Omicron),0,good,136,"E:T9I,M:D3G,M:Q19E,M:A63T,N:P13L,N:R203K,N:G204R,ORF1a:P371S,ORF1a:K856R,ORF1a:L2084I,ORF1a:A2710T,ORF1a:T3255I,ORF1a:P3395H,ORF1a:I3758V,ORF1b:P314L,ORF1b:I1566V,ORF9b:P10S,S:A67V,S:T95I,S:L212I,S:G339D,S:R346K,S:S371L,S:S373P,S:S375F,S:K417N,S:N440K,S:G446S,S:S477N,S:T478K,S:E484A,S:Q493R,S:G496S,S:Q498R,S:N501Y,S:Y505H,S:T547K,S:D614G,S:H655Y,S:N679K,S:P681H,S:N764K,S:D796Y,S:N856K,S:Q954H,S:N969K,S:L981F"
CORVASEQ-CLT-005960,Mission,06-01-22,21.5,11-03-22,151,258741,BA.1,Omicron (BA.1-like),0.99792143,passed_qc,21K (Omicron),0,good,136,"E:T9I,M:D3G,M:Q19E,M:A63T,N:P13L,N:D22A,N:R203K,N:G204R,N:D343G,ORF1a:K856R,ORF1a:L2084I,ORF1a:A2710T,ORF1a:T3255I,ORF1a:P3395H,ORF1a:I3758V,ORF1b:P314L,ORF1b:I1566V,ORF3a:L106F,ORF9b:P10S,ORF9b:I19L,S:A67V,S:T95I,S:L212I,S:G339D,S:S371L,S:S373P,S:S375F,S:K417N,S:N440K,S:G446S,S:S477N,S:T478K,S:E484A,S:Q493R,S:G496S,S:Q498R,S:N501Y,S:Y505H,S:T547K,S:D614G,S:H655Y,S:N679K,S:P681H,S:N764K,S:D796Y,S:N856K,S:Q954H,S:N969K,S:L981F"
CORVASEQ-CLT-005961,Mission,06-01-22,15.5,11-03-22,182,311788,BA.1.1,Omicron (BA.1-like),0.99792143,passed_qc,21K (Omicron),0,good,136,"E:T9I,M:D3G,M:Q19E,M:A63T,N:P13L,N:R203K,N:G204R,ORF1a:K856R,ORF1a:L2084I,ORF1a:A2710T,ORF1a:T3255I,ORF1a:P3395H,ORF1a:I3758V,ORF1b:P314L,ORF1b:I1566V,ORF9b:P10S,S:A67V,S:T95I,S:L212I,S:G339D,S:R346K,S:S371L,S:S373P,S:S375F,S:K417N,S:N440K,S:G446S,S:S477N,S:T478K,S:E484A,S:Q493R,S:G496S,S:Q498R,S:N501Y,S:Y505H,S:T547K,S:D614G,S:H655Y,S:N679K,S:P681H,S:N764K,S:D796Y,S:N856K,S:Q954H,S:N969K,S:L981F"
CORVASEQ-CLT-005962,Mission,06-01-22,15.1,11-03-22,189,524524,BA.1,Omicron (BA.1-like),0.99792143,passed_qc,21K (Omicron),0,good,136,"E:T9I,M:D3G,M:Q19E,M:A63T,N:P13L,N:R203K,N:G204R,ORF1a:V543I,ORF1a:L580F,ORF1a:K856R,ORF1a:T1822I,ORF1a:L2084I,ORF1a:A2710T,ORF1a:T3255I,ORF1a:P3395H,ORF1a:I3758V,ORF1b:P314L,ORF1b:I1566V,ORF9b:P10S,S:A67V,S:T95I,S:L212I,S:G339D,S:S371L,S:S373P,S:S375F,S:K417N,S:N440K,S:G446S,S:S477N,S:T478K,S:E484A,S:Q493R,S:G496S,S:Q498R,S:N501Y,S:Y505H,S:T547K,S:D614G,S:H655Y,S:N679K,S:P681H,S:N764K,S:D796Y,S:N856K,S:Q954H,S:N969K,S:L981F"
CORVASEQ-CLT-005963,Mission,06-01-22,28.3,11-03-22,47.8,151145,BA.1,Omicron (BA.1-like),0.996670135,passed_qc,21K (Omicron),0,good,162,"E:T9I,M:D3G,M:Q19E,M:A63T,N:P13L,N:R203K,N:G204R,ORF1a:K856R,ORF1a:A2710T,ORF1a:T3255I,ORF1a:P3395H,ORF1a:I3758V,ORF1b:P314L,ORF1b:I1566V,ORF9b:P10S,S:A67V,S:T95I,S:L212I,S:G339D,S:S371L,S:S373P,S:S375F,S:K417N,S:N440K,S:G446S,S:S477N,S:T478K,S:E484A,S:Q493R,S:G496S,S:Q498R,S:N501Y,S:Y505H,S:T547K,S:D614G,S:H655Y,S:N679K,S:P681H,S:N764K,S:D796Y,S:N856K,S:Q954H,S:N969K,S:L981F"
CORVASEQ-CLT-005964,Mission,06-01-22,23.7,11-03-22,122,255221,BA.1.1,Omicron (BA.1-like),0.997087581,passed_qc,21K (Omicron),0,good,140,"E:T9I,M:D3G,M:Q19E,M:A63T,N:P13L,N:R203K,N:G204R,ORF1a:C655Y,ORF1a:K856R,ORF1a:A2710T,ORF1a:T3255I,ORF1a:P3395H,ORF1a:I3758V,ORF1b:P314L,ORF1b:I1566V,ORF9b:P10S,S:A67V,S:T95I,S:L212I,S:G339D,S:R346K,S:S371L,S:S373P,S:S375F,S:K417N,S:N440K,S:G446S,S:S477N,S:T478K,S:E484A,S:Q493R,S:G496S,S:Q498R,S:N501Y,S:Y505H,S:T547K,S:D614G,S:H655Y,S:N679K,S:P681H,S:N764K,S:D796Y,S:N856K,S:Q954H,S:N969K,S:L981F"
CORVASEQ-CLT-005965,Mission,06-01-22,17.5,11-03-22,158,377542,BA.1.1,Omicron (BA.1-like),0.99792143,passed_qc,21K (Omicron),0,good,136,"E:T9I,M:D3G,M:Q19E,M:A63T,N:P13L,N:R203K,N:G204R,ORF1a:K856R,ORF1a:L2084I,ORF1a:A2554V,ORF1a:A2710T,ORF1a:T3255I,ORF1a:P3395H,ORF1a:I3758V,ORF1b:P314L,ORF1b:I1566V,ORF9b:P10S,S:A67V,S:T95I,S:L212I,S:G339D,S:R346K,S:S371L,S:S373P,S:S375F,S:K417N,S:N440K,S:G446S,S:S477N,S:T478K,S:E484A,S:Q493R,S:G496S,S:Q498R,S:N501Y,S:Y505H,S:T547K,S:D614G,S:H655Y,S:N679K,S:P681H,S:N764K,S:D796Y,S:N856K,S:Q954H,S:N969K,S:L981F"
CORVASEQ-CLT-005966,Mission,08-01-22,11.3,11-03-22,172,510933,AY.25,Delta (B.1.617.2-like),1,passed_qc,21J (Delta),56.423611,mediocre,126,"M:T30I,M:I82T,N:D63G,N:R203M,N:G215C,N:T271I,N:D377Y,ORF1a:A1306S,ORF1a:P2046L,ORF1a:P2287S,ORF1a:V2930L,ORF1a:T3255I,ORF1a:T3646A,ORF1a:M3934I,ORF1b:P314L,ORF1b:G662S,ORF1b:P1000L,ORF1b:A1918V,ORF3a:S26L,ORF3a:E239Q,ORF7a:V82A,ORF7a:T120I,ORF9b:T60A,S:T19R,S:S112L,S:G142D,S:R158G,S:L452R,S:T478K,S:D614G,S:P681R,S:D936N,S:D950N"
CORVASEQ-CLT-005967,Mission,08-01-22,11.8,11-03-22,187,337775,BA.1.1,Omicron (BA.1-like),0.997087581,passed_qc,21K (Omicron),0,good,140,"E:T9I,M:D3G,M:Q19E,M:A63T,N:P13L,N:R203K,N:G204R,ORF1a:K856R,ORF1a:M1769I,ORF1a:A2710T,ORF1a:T3255I,ORF1a:P3395H,ORF1a:I3758V,ORF1b:P314L,ORF1b:I1566V,ORF9b:P10S,S:A67V,S:T95I,S:L212I,S:G339D,S:R346K,S:S371L,S:S373P,S:S375F,S:K417N,S:N440K,S:G446S,S:S477N,S:T478K,S:E484A,S:Q493R,S:G496S,S:Q498R,S:N501Y,S:Y505H,S:T547K,S:D614G,S:H655Y,S:N679K,S:P681H,S:N764K,S:D796Y,S:N856K,S:Q954H,S:N969K,S:L981F"
CORVASEQ-CLT-005968,Mission,08-01-22,15,11-03-22,177,340169,BA.1.1,Omicron (BA.1-like),0.99792143,passed_qc,21K (Omicron),0,good,136,"E:T9I,M:D3G,M:Q19E,M:A63T,N:P13L,N:R203K,N:G204R,ORF1a:K856R,ORF1a:L2084I,ORF1a:A2554V,ORF1a:A2710T,ORF1a:T3255I,ORF1a:P3395H,ORF1a:I3758V,ORF1b:P314L,ORF1b:I1566V,ORF9b:P10S,S:A67V,S:T95I,S:L212I,S:G339D,S:R346K,S:S371L,S:S373P,S:S375F,S:K417N,S:N440K,S:G446S,S:S477N,S:T478K,S:E484A,S:Q493R,S:G496S,S:Q498R,S:N501Y,S:Y505H,S:T547K,S:D614G,S:H655Y,S:N679K,S:P681H,S:N764K,S:D796Y,S:N856K,S:Q954H,S:N969K,S:L981F"
CORVASEQ-CLT-005969,Mission,08-01-22,13.7,11-03-22,182,372679,BA.1.1,Omicron (BA.1-like),0.99792143,passed_qc,21K (Omicron),0,good,136,"E:T9I,M:D3G,M:Q19E,M:A63T,N:P13L,N:R203K,N:G204R,N:T391I,ORF1a:K856R,ORF1a:I1326T,ORF1a:L2084I,ORF1a:A2710T,ORF1a:T3255I,ORF1a:K3353R,ORF1a:P3395H,ORF1a:I3758V,ORF1b:P314L,ORF1b:I1566V,ORF9b:P10S,S:A67V,S:T95I,S:L212I,S:G339D,S:R346K,S:S371L,S:S373P,S:S375F,S:K417N,S:N440K,S:G446S,S:S477N,S:T478K,S:E484A,S:Q493R,S:G496S,S:Q498R,S:N501Y,S:Y505H,S:T547K,S:D614G,S:H655Y,S:N679K,S:P681H,S:N764K,S:D796Y,S:N856K,S:Q954H,S:N969K,S:L981F"
CORVASEQ-CLT-005970,Mission,19-01-22,14.6,11-03-22,186,312843,BA.1.1,Omicron (BA.1-like),0.997087581,passed_qc,21K (Omicron),0,good,140,"E:T9I,M:D3G,M:Q19E,M:A63T,N:P13L,N:R203K,N:G204R,N:D415E,ORF1a:H374Y,ORF1a:K856R,ORF1a:A2710T,ORF1a:T3255I,ORF1a:P3395H,ORF1a:I3758V,ORF1b:P314L,ORF1b:I1566V,ORF9b:P10S,S:A67V,S:T95I,S:L212I,S:G339D,S:R346K,S:S371L,S:S373P,S:S375F,S:K417N,S:N440K,S:G446S,S:S477N,S:T478K,S:E484A,S:Q493R,S:G496S,S:Q498R,S:N501Y,S:Y505H,S:T547K,S:D614G,S:H655Y,S:N679K,S:P681H,S:N764K,S:D796Y,S:N856K,S:Q954H,S:N969K,S:L981F"
CORVASEQ-CLT-005971,Mission,19-01-22,11.1,11-03-22,193,428319,BA.1,Omicron (BA.1-like),0.99792143,passed_qc,21K (Omicron),0,good,136,"E:T9I,M:D3G,M:Q19E,M:A63T,N:P13L,N:R203K,N:G204R,ORF1a:K856R,ORF1a:L2084I,ORF1a:A2710T,ORF1a:T3255I,ORF1a:P3395H,ORF1a:I3758V,ORF1b:P314L,ORF1b:I1566V,ORF1b:I1862V,ORF9b:P10S,S:A67V,S:T95I,S:M153T,S:L212I,S:G339D,S:S371L,S:S373P,S:S375F,S:K417N,S:N440K,S:G446S,S:S477N,S:T478K,S:E484A,S:Q493R,S:G496S,S:Q498R,S:N501Y,S:Y505H,S:T547K,S:D614G,S:H655Y,S:N679K,S:P681H,S:N764K,S:D796Y,S:N856K,S:Q954H,S:N969K,S:L981F"
CORVASEQ-CLT-005972,Mission,19-01-22,11.8,11-03-22,185,447803,None,Omicron (Unassigned),0.99792143,passed_qc,21K (Omicron),0.173611,good,136,"E:T9I,M:D3G,M:Q19E,M:A63T,N:P13L,N:R203K,N:G204R,ORF1a:K856R,ORF1a:T1822I,ORF1a:L2084I,ORF1a:A2710T,ORF1a:T3255I,ORF1a:P3395H,ORF1a:I3758V,ORF1b:P314L,ORF1b:I1566V,ORF9b:P10S,S:A67V,S:T95I,S:L212I,S:G339D,S:S371L,S:S373P,S:S375F,S:K417N,S:N440K,S:G446S,S:S477N,S:T478K,S:E484A,S:Q493R,S:G496S,S:Q498R,S:N501Y,S:Y505H,S:T547K,S:D614G,S:H655Y,S:N679K,S:P681H,S:N764K,S:D796Y,S:N856K,S:Q954H,S:N969K,S:L981F"
CORVASEQ-CLT-005973,Mission,19-01-22,25.6,11-03-22,97.8,244014,BA.1.1,Omicron (BA.1-like),0.99792143,passed_qc,21K (Omicron),0.694444,good,136,"E:T9I,M:D3G,M:Q19E,M:A63T,N:P13L,N:R203K,N:G204R,ORF1a:K856R,ORF1a:L2084I,ORF1a:A2710T,ORF1a:T3255I,ORF1a:P3395H,ORF1a:I3758V,ORF1b:P314L,ORF1b:G661V,ORF1b:I1566V,ORF8:S67F,ORF9b:P10S,S:A67V,S:T95I,S:L212I,S:G339D,S:R346K,S:S371L,S:S373P,S:S375F,S:K417N,S:N440K,S:G446S,S:S477N,S:T478K,S:E484A,S:Q493R,S:G496S,S:Q498R,S:N501Y,S:Y505H,S:T547K,S:D614G,S:H655Y,S:N679K,S:P681H,S:N764K,S:D796Y,S:N856K,S:Q954H,S:N969K,S:L981F"
CORVASEQ-CLT-005974,Mission,19-01-22,16.7,11-03-22,173,465077,BA.1.1,Omicron (BA.1-like),0.997087581,passed_qc,21K (Omicron),0,good,140,"E:T9I,M:D3G,M:Q19E,M:A63T,N:P13L,N:R203K,N:G204R,ORF1a:K856R,ORF1a:A2710T,ORF1a:T3255I,ORF1a:P3395H,ORF1a:M3616T,ORF1a:I3758V,ORF1b:P314L,ORF1b:I1566V,ORF9b:P10S,S:A67V,S:T95I,S:L212I,S:G339D,S:R346K,S:S371L,S:S373P,S:S375F,S:K417N,S:N440K,S:G446S,S:S477N,S:T478K,S:E484A,S:Q493R,S:G496S,S:Q498R,S:N501Y,S:Y505H,S:T547K,S:D614G,S:H655Y,S:N679K,S:P681H,S:N764K,S:D796Y,S:N856K,S:Q954H,S:N969K,S:L981F"
CORVASEQ-CLT-005975,Mission,19-01-22,18.8,11-03-22,175,428540,BA.1.1,Omicron (BA.1-like),0.99792143,passed_qc,21K (Omicron),0,good,136,"E:T9I,M:D3G,M:Q19E,M:A63T,N:P13L,N:R203K,N:G204R,ORF1a:K856R,ORF1a:L2084I,ORF1a:A2710T,ORF1a:T3255I,ORF1a:P3395H,ORF1a:I3758V,ORF1b:P314L,ORF1b:I1566V,ORF3a:S40L,ORF9b:P10S,S:A67V,S:T95I,S:L212I,S:G339D,S:R346K,S:S371L,S:S373P,S:S375F,S:K417N,S:N440K,S:G446S,S:S477N,S:T478K,S:E484A,S:Q493R,S:G496S,S:Q498R,S:N501Y,S:Y505H,S:T547K,S:D614G,S:H655Y,S:N679K,S:P681H,S:N764K,S:D796Y,S:N856K,S:Q954H,S:N969K,S:L981F"
CORVASEQ-CLT-005976,Mission,19-01-22,13.4,11-03-22,190,488075,BA.1.1,Omicron (BA.1-like),0.99792143,passed_qc,21K (Omicron),0,good,136,"E:T9I,M:D3G,M:Q19E,M:A63T,N:P13L,N:R203K,N:G204R,ORF1a:S428G,ORF1a:K856R,ORF1a:T1682I,ORF1a:L2084I,ORF1a:A2710T,ORF1a:T3255I,ORF1a:P3395H,ORF1a:I3758V,ORF1b:P314L,ORF1b:I1566V,ORF9b:P10S,S:A67V,S:T95I,S:L212I,S:G339D,S:R346K,S:S371L,S:S373P,S:S375F,S:K417N,S:N440K,S:G446S,S:S477N,S:T478K,S:E484A,S:Q493R,S:G496S,S:Q498R,S:N501Y,S:Y505H,S:T547K,S:D614G,S:H655Y,S:N679K,S:P681H,S:N764K,S:D796Y,S:N856K,S:Q954H,S:N969K,S:L981F"
CORVASEQ-CLT-005977,Mission,19-01-22,18.7,11-03-22,160,363131,BA.1.1,Omicron (BA.1-like),0.99792143,passed_qc,21K (Omicron),0,good,136,"E:T9I,M:D3G,M:Q19E,M:A63T,N:P13L,N:R203K,N:G204R,ORF1a:K856R,ORF1a:L2084I,ORF1a:A2554V,ORF1a:A2710T,ORF1a:T3255I,ORF1a:P3395H,ORF1a:I3758V,ORF1b:P314L,ORF1b:I1566V,ORF9b:P10S,S:A67V,S:T95I,S:L212I,S:G339D,S:R346K,S:S371L,S:S373P,S:S375F,S:K417N,S:N440K,S:G446S,S:S477N,S:T478K,S:E484A,S:Q493R,S:G496S,S:Q498R,S:N501Y,S:Y505H,S:T547K,S:D614G,S:H655Y,S:N679K,S:P681H,S:N764K,S:D796Y,S:N856K,S:Q954H,S:N969K,S:L981F"
CORVASEQ-CLT-005978,Mission,19-01-22,18.7,11-03-22,180,494106,BA.1.1,Omicron (BA.1-like),0.99792143,passed_qc,21K (Omicron),0,good,136,"E:T9I,M:D3G,M:Q19E,M:A63T,N:P13L,N:R203K,N:G204R,ORF1a:K856R,ORF1a:L2084I,ORF1a:A2554V,ORF1a:A2710T,ORF1a:T3255I,ORF1a:P3395H,ORF1a:I3758V,ORF1b:P314L,ORF1b:I1566V,ORF8:E106D,ORF9b:P10S,S:A67V,S:T95I,S:L212I,S:G339D,S:R346K,S:S371L,S:S373P,S:S375F,S:K417N,S:N440K,S:G446S,S:S477N,S:T478K,S:E484A,S:Q493R,S:G496S,S:Q498R,S:N501Y,S:Y505H,S:T547K,S:D614G,S:H655Y,S:N679K,S:P681H,S:N764K,S:D796Y,S:N856K,S:Q954H,S:N969K,S:L981F"
CORVASEQ-CLT-005979,Mission,19-01-22,15.8,11-03-22,173,419068,BA.1,Omicron (BA.1-like),0.997087581,passed_qc,21K (Omicron),0,good,140,"E:T9I,M:D3G,M:Q19E,M:A63T,N:P13L,N:S33D,N:R203K,N:G204R,N:D343G,ORF1a:K856R,ORF1a:A2710T,ORF1a:T3255I,ORF1a:P3395H,ORF1a:I3758V,ORF1b:P314L,ORF1b:I1566V,ORF3a:L106F,ORF3a:S165F,ORF9b:P10S,ORF9b:V30M,S:A67V,S:T95I,S:L212I,S:G339D,S:S371L,S:S373P,S:S375F,S:K417N,S:N440K,S:G446S,S:S477N,S:T478K,S:E484A,S:Q493R,S:G496S,S:Q498R,S:N501Y,S:Y505H,S:T547K,S:D614G,S:H655Y,S:N679K,S:P681H,S:N764K,S:D796Y,S:N856K,S:Q954H,S:N969K,S:L981F"
CORVASEQ-CLT-005980,Mission,19-01-22,19,11-03-22,168,409329,BA.1.1,Omicron (BA.1-like),0.997087581,passed_qc,21K (Omicron),0,good,140,"E:T9I,M:D3G,M:Q19E,M:A63T,N:P13L,N:R203K,N:G204R,ORF1a:Q575R,ORF1a:K856R,ORF1a:A2710T,ORF1a:T3255I,ORF1a:P3395H,ORF1a:I3758V,ORF1b:P314L,ORF1b:I1566V,ORF1b:L1701F,ORF9b:P10S,S:A67V,S:T95I,S:L212I,S:G339D,S:R346K,S:S371L,S:S373P,S:S375F,S:K417N,S:N440K,S:G446S,S:S477N,S:T478K,S:E484A,S:Q493R,S:G496S,S:Q498R,S:N501Y,S:Y505H,S:T547K,S:D614G,S:H655Y,S:N679K,S:P681H,S:N764K,S:D796Y,S:N856K,S:Q954H,S:N969K,S:L981F"
CORVASEQ-CLT-005981,Mission,19-01-22,18.4,11-03-22,150,352470,BA.1.1,Omicron (BA.1-like),0.997087581,passed_qc,21K (Omicron),0,good,140,"E:T9I,M:D3G,M:Q19E,M:A63T,N:P13L,N:R203K,N:G204R,ORF1a:K856R,ORF1a:A2710T,ORF1a:T3255I,ORF1a:P3395H,ORF1a:I3758V,ORF1b:P314L,ORF1b:I1566V,ORF9b:P10S,S:A67V,S:T95I,S:L212I,S:G339D,S:R346K,S:S371L,S:S373P,S:S375F,S:K417N,S:N440K,S:G446S,S:S477N,S:T478K,S:E484A,S:Q493R,S:G496S,S:Q498R,S:N501Y,S:Y505H,S:T547K,S:D614G,S:H655Y,S:N679K,S:P681H,S:N764K,S:D796Y,S:N856K,S:Q954H,S:N969K,S:L981F"
CORVASEQ-CLT-005982,Mission,20-01-22,16,11-03-22,173,423090,BA.1,Omicron (BA.1-like),0.99792143,passed_qc,21K (Omicron),0,good,136,"E:T9I,M:D3G,M:Q19E,M:A63T,N:P13L,N:R203K,N:G204R,N:D343G,ORF1a:K856R,ORF1a:L2084I,ORF1a:A2710T,ORF1a:T3255I,ORF1a:P3395H,ORF1a:I3758V,ORF1b:P314L,ORF1b:I1566V,ORF3a:L106F,ORF9b:P10S,S:A67V,S:T95I,S:L212I,S:G339D,S:S371L,S:S373P,S:S375F,S:K417N,S:N440K,S:G446S,S:S477N,S:T478K,S:E484A,S:Q493R,S:G496S,S:Q498R,S:N501Y,S:Y505H,S:T547K,S:D614G,S:H655Y,S:N679K,S:P681H,S:N764K,S:D796Y,S:N856K,S:Q954H,S:N969K,S:L981F"
CORVASEQ-CLT-005983,Mission,20-01-22,17.5,11-03-22,155,300674,BA.1.1,Omicron (BA.1-like),0.99792143,passed_qc,21K (Omicron),0,good,136,"E:T9I,M:D3G,M:Q19E,M:A63T,N:P13L,N:R203K,N:G204R,ORF1a:K856R,ORF1a:L2084I,ORF1a:A2710T,ORF1a:T3255I,ORF1a:P3395H,ORF1a:I3758V,ORF1b:P314L,ORF1b:I1566V,ORF9b:P10S,S:A67V,S:T95I,S:L212I,S:G339D,S:R346K,S:S371L,S:S373P,S:S375F,S:K417N,S:N440K,S:G446S,S:S477N,S:T478K,S:E484A,S:Q493R,S:G496S,S:Q498R,S:N501Y,S:Y505H,S:T547K,S:D614G,S:H655Y,S:N679K,S:P681H,S:N764K,S:D796Y,S:N856K,S:Q954H,S:N969K,S:L981F"
CORVASEQ-CLT-005984,Mission,21-01-22,10.6,11-03-22,169,451964,BA.1.1,Omicron (BA.1-like),0.99792143,passed_qc,21K (Omicron),0,good,136,"E:T9I,M:D3G,M:Q19E,M:A63T,N:P13L,N:R203K,N:G204R,ORF1a:K856R,ORF1a:L2084I,ORF1a:A2554V,ORF1a:A2710T,ORF1a:T3255I,ORF1a:P3395H,ORF1a:I3758V,ORF1b:P314L,ORF1b:I1566V,ORF8:E106D,ORF9b:P10S,S:A67V,S:T95I,S:L212I,S:G339D,S:R346K,S:S371L,S:S373P,S:S375F,S:K417N,S:N440K,S:G446S,S:S477N,S:T478K,S:E484A,S:Q493R,S:G496S,S:Q498R,S:N501Y,S:Y505H,S:T547K,S:D614G,S:H655Y,S:N679K,S:P681H,S:N764K,S:D796Y,S:N856K,S:Q954H,S:N969K,S:L981F"
CORVASEQ-CLT-005985,Mission,21-01-22,12.5,11-03-22,177,509763,BA.1.1,Omicron (BA.1-like),0.997087581,passed_qc,21K (Omicron),0,good,140,"E:T9I,M:D3G,M:Q19E,M:A63T,N:P13L,N:R203K,N:G204R,ORF1a:K856R,ORF1a:T1543I,ORF1a:A2710T,ORF1a:T3255I,ORF1a:P3395H,ORF1a:I3758V,ORF1b:P314L,ORF1b:I1566V,ORF9b:P10S,S:A67V,S:T95I,S:L212I,S:G339D,S:R346K,S:S371L,S:S373P,S:S375F,S:K417N,S:N440K,S:G446S,S:S477N,S:T478K,S:E484A,S:Q493R,S:G496S,S:Q498R,S:N501Y,S:Y505H,S:T547K,S:D614G,S:H655Y,S:N679K,S:P681H,S:N764K,S:D796Y,S:N856K,S:N969K,S:L981F"
CORVASEQ-CLT-005986,Mission,21-01-22,18.3,11-03-22,141,171356,BA.1.1,Omicron (BA.1-like),0.997087581,passed_qc,21K (Omicron),0,good,140,"E:T9I,M:D3G,M:Q19E,M:A63T,N:P13L,N:R203K,N:G204R,ORF1a:K856R,ORF1a:A2554V,ORF1a:A2710T,ORF1a:T3255I,ORF1a:P3395H,ORF1a:I3758V,ORF1b:P314L,ORF1b:I1566V,ORF9b:P10S,S:A67V,S:T95I,S:L212I,S:G339D,S:R346K,S:S371L,S:S373P,S:S375F,S:K417N,S:N440K,S:G446S,S:S477N,S:T478K,S:E484A,S:Q493R,S:G496S,S:Q498R,S:N501Y,S:Y505H,S:T547K,S:D614G,S:H655Y,S:N679K,S:P681H,S:N764K,S:D796Y,S:N856K,S:Q954H,S:N969K,S:L981F"
CORVASEQ-CLT-005987,Mission,24-01-22,12.5,11-03-22,171,562379,BA.1.1,Omicron (BA.1-like),0.997087581,passed_qc,21K (Omicron),0,good,140,"E:T9I,M:D3G,M:Q19E,M:A63T,N:P13L,N:R203K,N:G204R,ORF1a:K856R,ORF1a:A2710T,ORF1a:T3255I,ORF1a:P3395H,ORF1a:I3758V,ORF1b:P314L,ORF1b:I1566V,ORF3a:H182Y,ORF9b:P10S,S:A67V,S:T95I,S:S205C,S:L212I,S:G339D,S:R346K,S:S371L,S:S373P,S:S375F,S:K417N,S:N440K,S:G446S,S:S477N,S:T478K,S:E484A,S:Q493R,S:G496S,S:Q498R,S:N501Y,S:Y505H,S:T547K,S:D614G,S:H655Y,S:N679K,S:P681H,S:N764K,S:D796Y,S:N856K,S:Q954H,S:N969K,S:L981F"
CORVASEQ-CLT-005988,Mission,27-01-22,19.2,11-03-22,149,259861,BA.1.1,Omicron (BA.1-like),0.99792143,passed_qc,21K (Omicron),0,good,136,"E:T9I,M:D3G,M:Q19E,M:A63T,N:P13L,N:R203K,N:G204R,ORF1a:K856R,ORF1a:L2084I,ORF1a:A2554V,ORF1a:A2710T,ORF1a:T3255I,ORF1a:P3395H,ORF1a:I3758V,ORF1b:A37V,ORF1b:P314L,ORF1b:I1566V,ORF9b:P10S,S:A67V,S:T95I,S:L212I,S:G339D,S:R346K,S:S371L,S:S373P,S:S375F,S:K417N,S:N440K,S:G446S,S:S477N,S:T478K,S:E484A,S:Q493R,S:G496S,S:Q498R,S:N501Y,S:Y505H,S:T547K,S:D614G,S:H655Y,S:N679K,S:P681H,S:N764K,S:D796Y,S:N856K,S:Q954H,S:N969K,S:L981F"
CORVASEQ-CLT-005989,Mission,27-01-22,15.5,11-03-22,164,381341,BA.1.1,Omicron (BA.1-like),0.99792143,passed_qc,21K (Omicron),0,good,136,"E:T9I,M:D3G,M:Q19E,M:A63T,N:P13L,N:R203K,N:G204R,ORF1a:K856R,ORF1a:L2084I,ORF1a:A2710T,ORF1a:T3255I,ORF1a:P3395H,ORF1a:I3758V,ORF1b:P314L,ORF1b:I1566V,ORF9b:P10S,S:A67V,S:T95I,S:L212I,S:G339D,S:R346K,S:S371L,S:S373P,S:S375F,S:K417N,S:N440K,S:G446S,S:S477N,S:T478K,S:E484A,S:Q493R,S:G496S,S:Q498R,S:N501Y,S:Y505H,S:T547K,S:D614G,S:H655Y,S:N679K,S:P681H,S:N764K,S:D796Y,S:N856K,S:Q954H,S:N969K,S:L981F"
CORVASEQ-CLT-005990,Mission,27-01-22,17.9,11-03-22,149,240042,BA.1.1,Omicron (BA.1-like),0.99792143,passed_qc,21K (Omicron),0,good,136,"E:T9I,M:D3G,M:Q19E,M:A63T,N:P13L,N:R203K,N:G204R,N:Q281H,ORF1a:L384F,ORF1a:K856R,ORF1a:D2060N,ORF1a:L2084I,ORF1a:A2710T,ORF1a:T3255I,ORF1a:P3395H,ORF1a:I3758V,ORF1b:P314L,ORF1b:I1566V,ORF9b:P10S,S:A67V,S:T95I,S:L212I,S:G339D,S:R346K,S:S371L,S:S373P,S:S375F,S:K417N,S:N440K,S:G446S,S:S477N,S:T478K,S:E484A,S:Q493R,S:G496S,S:Q498R,S:N501Y,S:Y505H,S:T547K,S:D614G,S:H655Y,S:N679K,S:P681H,S:N764K,S:D796Y,S:N856K,S:Q954H,S:N969K,S:L981F"
CORVASEQ-CLT-005991,Mission,27-01-22,15,11-03-22,174,473241,BA.1.1,Omicron (BA.1-like),0.99792143,passed_qc,21K (Omicron),0,good,136,"E:T9I,M:D3G,M:Q19E,M:A63T,N:P13L,N:R203K,N:G204R,ORF1a:K856R,ORF1a:L2084I,ORF1a:A2710T,ORF1a:T3255I,ORF1a:P3395H,ORF1a:I3758V,ORF1b:P314L,ORF1b:I1566V,ORF9b:P10S,S:A67V,S:T95I,S:L212I,S:G339D,S:R346K,S:S371L,S:S373P,S:S375F,S:K417N,S:N440K,S:G446S,S:S477N,S:T478K,S:E484A,S:Q493R,S:G496S,S:Q498R,S:N501Y,S:Y505H,S:T547K,S:D614G,S:H655Y,S:N679K,S:P681H,S:N764K,S:D796Y,S:N856K,S:Q954H,S:N969K,S:L981F"
CORVASEQ-CLT-005992,Mission,27-01-22,13.8,11-03-22,180,450765,BA.2,Omicron (BA.2-like),0.992687004,passed_qc,21L (Omicron),0.113594,good,391,"E:T9I,M:Q19E,M:A63T,N:P13L,N:R203K,N:G204R,N:S413R,ORF1a:S135R,ORF1a:T842I,ORF1a:G1307S,ORF1a:L3027F,ORF1a:T3090I,ORF1a:L3201F,ORF1a:T3255I,ORF1a:P3395H,ORF1b:P314L,ORF1b:S959P,ORF1b:R1315C,ORF1b:I1566V,ORF1b:T2163I,ORF3a:T223I,ORF6:D61L,ORF9b:P10S,S:T19I,S:A27S,S:G142D,S:V213G,S:G339D,S:S371F,S:S373P,S:S375F,S:T376A,S:D405N,S:R408S,S:K417N,S:N440K,S:S477N,S:T478K,S:E484A,S:Q493R,S:Q498R,S:N501Y,S:Y505H,S:D614G,S:H655Y,S:N679K,S:P681H,S:N764K,S:D796Y,S:Q954H,S:N969K"
CORVASEQ-CLT-005993,Mission,27-01-22,14.7,11-03-22,173,378078,BA.1.1,Omicron (BA.1-like),0.997087581,passed_qc,21K (Omicron),0,good,140,"E:T9I,M:D3G,M:Q19E,M:A63T,N:P13L,N:R203K,N:G204R,ORF1a:K856R,ORF1a:A2710T,ORF1a:T3255I,ORF1a:P3395H,ORF1a:I3758V,ORF1b:P314L,ORF1b:I1566V,ORF9b:P10S,S:A67V,S:T95I,S:L212I,S:G339D,S:R346K,S:S371L,S:S373P,S:S375F,S:K417N,S:N440K,S:G446S,S:S477N,S:T478K,S:E484A,S:Q493R,S:G496S,S:Q498R,S:N501Y,S:Y505H,S:T547K,S:D614G,S:H655Y,S:N679K,S:P681H,S:N764K,S:D796Y,S:N856K,S:Q954H,S:N969K,S:L981F"
CORVASEQ-CLT-005994,Mission,27-01-22,14.4,11-03-22,181,385137,BA.1.1,Omicron (BA.1-like),0.99792143,passed_qc,21K (Omicron),0,good,136,"E:T9I,M:D3G,M:Q19E,M:A63T,N:P13L,N:R203K,N:G204R,ORF1a:K856R,ORF1a:L2084I,ORF1a:A2710T,ORF1a:T3255I,ORF1a:P3395H,ORF1a:I3758V,ORF1b:P314L,ORF1b:I1566V,ORF9b:P10S,S:A67V,S:T95I,S:L212I,S:G339D,S:R346K,S:S371L,S:S373P,S:S375F,S:K417N,S:N440K,S:G446S,S:S477N,S:T478K,S:E484A,S:Q493R,S:G496S,S:Q498R,S:N501Y,S:Y505H,S:T547K,S:D614G,S:H655Y,S:N679K,S:P681H,S:N764K,S:D796Y,S:N856K,S:Q954H,S:N969K,S:L981F"
CORVASEQ-CLT-005995,Mission,27-01-22,18.5,11-03-22,159,338238,BA.1.1,Omicron (BA.1-like),0.99792143,passed_qc,21K (Omicron),0,good,136,"E:T9I,M:D3G,M:Q19E,M:A63T,N:P13L,N:R203K,N:G204R,ORF1a:K856R,ORF1a:L2084I,ORF1a:A2710T,ORF1a:T3255I,ORF1a:P3395H,ORF1a:I3758V,ORF1a:I4049V,ORF1b:P314L,ORF1b:I1566V,ORF9b:P10S,S:A67V,S:T95I,S:L212I,S:G339D,S:R346K,S:S371L,S:S373P,S:S375F,S:K417N,S:N440K,S:G446S,S:S477N,S:T478K,S:E484A,S:Q493R,S:G496S,S:Q498R,S:N501Y,S:Y505H,S:T547K,S:D614G,S:H655Y,S:N679K,S:P681H,S:N764K,S:D796Y,S:N856K,S:Q954H,S:N969K,S:L981F"
CORVASEQ-CLT-005996,Mission,27-01-22,14,11-03-22,174,450660,BA.1.1,Omicron (BA.1-like),0.99792143,passed_qc,21K (Omicron),0,good,136,"E:T9I,M:D3G,M:Q19E,M:A63T,N:P13L,N:R203K,N:G204R,ORF1a:K856R,ORF1a:L2084I,ORF1a:A2554V,ORF1a:A2710T,ORF1a:T3255I,ORF1a:P3395H,ORF1a:I3758V,ORF1b:P314L,ORF1b:I1566V,ORF9b:P10S,S:A67V,S:T95I,S:L212I,S:G339D,S:R346K,S:S371L,S:S373P,S:S375F,S:K417N,S:N440K,S:G446S,S:S477N,S:T478K,S:E484A,S:Q493R,S:G496S,S:Q498R,S:N501Y,S:Y505H,S:T547K,S:D614G,S:H655Y,S:N679K,S:P681H,S:N764K,S:D796Y,S:N856K,S:Q954H,S:N969K,S:L981F"
CORVASEQ-CLT-005997,Mission,27-01-22,14.6,11-03-22,171,476062,BA.1.1,Omicron (BA.1-like),0.99792143,passed_qc,21K (Omicron),0,good,136,"E:T9I,M:D3G,M:Q19E,M:A63T,N:P13L,N:R203K,N:G204R,ORF1a:K856R,ORF1a:G912S,ORF1a:L2084I,ORF1a:A2710T,ORF1a:T3255I,ORF1a:P3395H,ORF1a:I3758V,ORF1b:P314L,ORF1b:I1566V,ORF9b:P10S,S:A67V,S:T95I,S:L212I,S:G339D,S:R346K,S:S371L,S:S373P,S:S375F,S:K417N,S:N440K,S:G446S,S:S477N,S:T478K,S:E484A,S:Q493R,S:G496S,S:Q498R,S:N501Y,S:Y505H,S:T547K,S:D614G,S:H655Y,S:N679K,S:P681H,S:N764K,S:D796Y,S:N856K,S:Q954H,S:N969K,S:L981F"
CORVASEQ-CLT-005998,Mission,27-01-22,16.1,11-03-22,171,359260,BA.1.1,Omicron (BA.1-like),0.99792143,passed_qc,21K (Omicron),0,good,136,"E:T9I,M:D3G,M:Q19E,M:A63T,N:P13L,N:R203K,N:G204R,ORF1a:A486V,ORF1a:K856R,ORF1a:L2084I,ORF1a:A2710T,ORF1a:T3255I,ORF1a:P3395H,ORF1a:I3758V,ORF1b:P314L,ORF1b:I1566V,ORF9b:P10S,S:A67V,S:T95I,S:L212I,S:G339D,S:R346K,S:S371L,S:S373P,S:S375F,S:K417N,S:N440K,S:G446S,S:S477N,S:T478K,S:E484A,S:Q493R,S:G496S,S:Q498R,S:N501Y,S:Y505H,S:T547K,S:D614G,S:H655Y,S:N679K,S:P681H,S:N764K,S:D796Y,S:N856K,S:Q954H,S:N969K,S:L981F"
CORVASEQ-CLT-005999,Mission,27-01-22,24.9,11-03-22,63.6,185816,BA.1.1,Omicron (BA.1-like),0.997087581,passed_qc,21K (Omicron),0,good,140,"E:T9I,M:D3G,M:Q19E,M:A63T,N:P13L,N:R203K,N:G204R,ORF1a:K856R,ORF1a:A2710T,ORF1a:T3255I,ORF1a:P3395H,ORF1a:I3758V,ORF1b:P314L,ORF1b:I1566V,ORF9b:P10S,S:A67V,S:T95I,S:L212I,S:G339D,S:R346K,S:S371L,S:S373P,S:S375F,S:K417N,S:N440K,S:G446S,S:S477N,S:T478K,S:E484A,S:Q493R,S:G496S,S:Q498R,S:N501Y,S:Y505H,S:T547K,S:D614G,S:H655Y,S:N679K,S:P681H,S:N764K,S:D796Y,S:N856K,S:Q954H,S:N969K,S:L981F"
CORVASEQ-CLT-006000,Mission,27-01-22,23.3,11-03-22,112,266443,BA.1.1,Omicron (BA.1-like),0.997087581,passed_qc,21K (Omicron),0,good,140,"E:T9I,M:D3G,M:Q19E,M:A63T,N:P13L,N:R203K,N:G204R,ORF1a:K856R,ORF1a:P1497S,ORF1a:A2710T,ORF1a:T3255I,ORF1a:P3395H,ORF1a:I3758V,ORF1b:P314L,ORF1b:I1566V,ORF9b:P10S,S:A67V,S:T95I,S:L212I,S:G339D,S:R346K,S:S371L,S:S373P,S:S375F,S:K417N,S:N440K,S:G446S,S:S477N,S:T478K,S:E484A,S:Q493R,S:G496S,S:Q498R,S:N501Y,S:Y505H,S:T547K,S:D614G,S:H655Y,S:N679K,S:P681H,S:N764K,S:D796Y,S:N856K,S:Q954H,S:N969K,S:L981F"
CORVASEQ-CLT-006001,Mission,27-01-22,16,11-03-22,178,307222,BA.1.1,Omicron (BA.1-like),0.99792143,passed_qc,21K (Omicron),0,good,136,"E:T9I,M:D3G,M:Q19E,M:A63T,N:P13L,N:R203K,N:G204R,ORF1a:L580F,ORF1a:T614I,ORF1a:K856R,ORF1a:L2084I,ORF1a:A2710T,ORF1a:T3255I,ORF1a:P3395H,ORF1a:I3758V,ORF1b:P314L,ORF1b:I1566V,ORF9b:P10S,S:A67V,S:T95I,S:L212I,S:G339D,S:R346K,S:S371L,S:S373P,S:S375F,S:K417N,S:N440K,S:G446S,S:S477N,S:T478K,S:E484A,S:Q493R,S:G496S,S:Q498R,S:N501Y,S:Y505H,S:T547K,S:D614G,S:H655Y,S:N679K,S:P681H,S:N764K,S:D796Y,S:N856K,S:Q954H,S:N969K,S:L981F"
CORVASEQ-CLT-006002,Mission,27-01-22,15.6,11-03-22,174,325406,BA.1.1,Omicron (BA.1-like),0.99792143,passed_qc,21K (Omicron),0,good,136,"E:T9I,M:D3G,M:Q19E,M:A63T,N:P13L,N:R203K,N:G204R,ORF1a:K856R,ORF1a:L2084I,ORF1a:A2710T,ORF1a:T3255I,ORF1a:P3395H,ORF1a:M3616T,ORF1a:I3758V,ORF1b:P314L,ORF1b:I1566V,ORF9b:P10S,S:A67V,S:T95I,S:L212I,S:G339D,S:R346K,S:S371L,S:S373P,S:S375F,S:K417N,S:N440K,S:G446S,S:S477N,S:T478K,S:E484A,S:Q493R,S:G496S,S:Q498R,S:N501Y,S:Y505H,S:T547K,S:D614G,S:H655Y,S:N679K,S:P681H,S:N764K,S:D796Y,S:N856K,S:Q954H,S:N969K,S:L981F"
CORVASEQ-CLT-006003,Mission,27-01-22,17.9,11-03-22,169,400835,BA.1,Omicron (BA.1-like),0.99792143,passed_qc,21K (Omicron),0,good,136,"E:T9I,M:D3G,M:Q19E,M:A63T,N:P13L,N:R203K,N:G204R,N:D343G,ORF1a:K856R,ORF1a:L2084I,ORF1a:A2710T,ORF1a:T3255I,ORF1a:P3395H,ORF1a:I3758V,ORF1b:P314L,ORF1b:I1566V,ORF3a:L106F,ORF9b:P10S,S:A67V,S:T95I,S:L212I,S:G339D,S:S371L,S:S373P,S:S375F,S:K417N,S:N440K,S:G446S,S:S477N,S:T478K,S:E484A,S:Q493R,S:G496S,S:Q498R,S:N501Y,S:Y505H,S:T547K,S:D614G,S:H655Y,S:N679K,S:P681H,S:N764K,S:D796Y,S:N856K,S:Q954H,S:N969K,S:L981F"
CORVASEQ-CLT-006004,Mission,27-01-22,19,11-03-22,140,286020,BA.1,Omicron (BA.1-like),0.99792143,passed_qc,21K (Omicron),0,good,136,"E:T9I,M:D3G,M:Q19E,M:A63T,N:P13L,N:R203K,N:G204R,N:D343G,ORF1a:K856R,ORF1a:E932K,ORF1a:L2084I,ORF1a:I2231V,ORF1a:A2710T,ORF1a:T3255I,ORF1a:P3395H,ORF1a:L3495F,ORF1a:I3758V,ORF1a:S4119L,ORF1b:P314L,ORF1b:I1566V,ORF3a:L106F,ORF9b:P10S,S:A67V,S:T95I,S:L212I,S:G339D,S:S371L,S:S373P,S:S375F,S:K417N,S:N440K,S:G446S,S:S477N,S:T478K,S:E484A,S:Q493R,S:G496S,S:Q498R,S:N501Y,S:Y505H,S:T547K,S:D614G,S:H655Y,S:N679K,S:P681H,S:N764K,S:D796Y,S:N856K,S:Q954H,S:N969K,S:L981F"
CORVASEQ-CLT-006005,Mission,29-01-22,19.9,11-03-22,148,325416,BA.1.1,Omicron (BA.1-like),0.997087581,passed_qc,21K (Omicron),0,good,140,"E:T9I,M:D3G,M:Q19E,M:A63T,N:P13L,N:R203K,N:G204R,ORF1a:K856R,ORF1a:A2710T,ORF1a:T3255I,ORF1a:P3395H,ORF1a:I3758V,ORF1b:P314L,ORF1b:I1566V,ORF9b:P10S,S:A67V,S:T95I,S:L212I,S:G339D,S:R346K,S:S371L,S:S373P,S:S375F,S:K417N,S:N440K,S:G446S,S:S477N,S:T478K,S:E484A,S:Q493R,S:G496S,S:Q498R,S:N501Y,S:Y505H,S:T547K,S:D614G,S:H655Y,S:N679K,S:P681H,S:N764K,S:D796Y,S:N856K,S:Q954H,S:N969K,S:L981F"
CORVASEQ-CLT-006006,Mission,31-01-22,13.6,11-03-22,165,412766,BA.1.1,Omicron (BA.1-like),0.99792143,passed_qc,21K (Omicron),0,good,136,"E:T9I,M:D3G,M:Q19E,M:A63T,N:P13L,N:R203K,N:G204R,ORF1a:K856R,ORF1a:L2084I,ORF1a:A2710T,ORF1a:T3255I,ORF1a:P3395H,ORF1a:I3758V,ORF1b:P314L,ORF1b:I1566V,ORF7a:T39I,ORF9b:P10S,S:A67V,S:T95I,S:L212I,S:G339D,S:R346K,S:S371L,S:S373P,S:S375F,S:K417N,S:N440K,S:G446S,S:S477N,S:T478K,S:E484A,S:Q493R,S:G496S,S:Q498R,S:N501Y,S:Y505H,S:T547K,S:D614G,S:H655Y,S:N679K,S:P681H,S:N764K,S:D796Y,S:N856K,S:Q954H,S:N969K,S:L981F,S:N1134Y"
CORVASEQ-CLT-006007,Mission,31-01-22,15.8,11-03-22,178,396825,BA.1.1,Omicron (BA.1-like),0.99792143,passed_qc,21K (Omicron),0,good,136,"E:T9I,M:D3G,M:Q19E,M:A63T,N:P13L,N:R203K,N:G204R,ORF1a:K856R,ORF1a:L2084I,ORF1a:A2710T,ORF1a:T3255I,ORF1a:P3395H,ORF1a:I3758V,ORF1b:P314L,ORF1b:I1566V,ORF9b:P10S,S:A67V,S:T95I,S:L212I,S:G339D,S:R346K,S:S371L,S:S373P,S:S375F,S:K417N,S:N440K,S:G446S,S:S477N,S:T478K,S:E484A,S:Q493R,S:G496S,S:Q498R,S:N501Y,S:Y505H,S:T547K,S:D614G,S:H655Y,S:N679K,S:P681H,S:N764K,S:D796Y,S:N856K,S:Q954H,S:N969K,S:L981F"
CORVASEQ-CLT-006008,Mission,31-01-22,14.7,11-03-22,179,245672,BA.1.1,Omicron (BA.1-like),0.99792143,passed_qc,21K (Omicron),0,good,136,"E:T9I,M:D3G,M:Q19E,M:A63T,N:P13L,N:R203K,N:G204R,ORF1a:K856R,ORF1a:L2084I,ORF1a:A2710T,ORF1a:T3255I,ORF1a:P3395H,ORF1a:I3758V,ORF1b:P314L,ORF1b:I1566V,ORF9b:P10S,S:A67V,S:T95I,S:L212I,S:G339D,S:R346K,S:S371L,S:S373P,S:S375F,S:K417N,S:N440K,S:G446S,S:S477N,S:T478K,S:E484A,S:Q493R,S:G496S,S:Q498R,S:N501Y,S:Y505H,S:T547K,S:D614G,S:H655Y,S:N679K,S:P681H,S:N764K,S:D796Y,S:N856K,S:Q954H,S:N969K,S:L981F"
